desc: I1 cache:         32768 B, 64 B, 8-way associative
desc: D1 cache:         49152 B, 64 B, 12-way associative
desc: LL cache:         25165824 B, 64 B, 12-way associative
cmd: ./cub3D maps/bad/empty_file.cub
events: Ir I1mr ILmr Dr D1mr DLmr Dw D1mw DLmw Bc Bcm Bi Bim
fl=./csu/../csu/libc-start.c
fn=__libc_start_main@@GLIBC_2.34
128 2 1 1 2 0 0 0 0 0 0 0 0 0
134 3 0 0 1 1 0 0 0 0 1 0 0 0
135 7 0 0 3 1 0 2 0 0 0 0 1 1
138 1 0 0 1 1 0 0 0 0 0 0 0 0
139 2 1 1 0 0 0 0 0 0 1 0 0 0
142 3 0 0 2 1 0 0 0 0 0 0 0 0
143 2 0 0 2 0 0 0 0 0 0 0 0 0
144 11 0 0 1 0 0 1 0 0 2 0 0 0
145 4 1 1 1 1 0 2 0 0 0 0 1 1
242 13 1 1 0 0 0 7 0 0 0 0 0 0
311 3 0 0 0 0 0 0 0 0 1 0 0 0
312 3 0 0 0 0 0 1 0 0 0 0 0 0
337 6 1 1 2 0 0 1 0 0 1 1 0 0
340 2 0 0 0 0 0 0 0 0 1 1 0 0
343 2 0 0 2 0 0 0 0 0 0 0 0 0
350 2 0 0 1 0 0 1 0 0 0 0 0 0
352 2 0 0 0 0 0 0 0 0 1 1 0 0
360 4 0 0 1 0 0 1 0 0 0 0 0 0
fl=./csu/../sysdeps/nptl/libc_start_call_main.h
fn=(below main)
29 9 1 1 1 0 0 5 0 0 0 0 0 0
44 3 1 1 0 0 0 1 0 0 0 0 0 0
46 2 0 0 0 0 0 0 0 0 1 0 0 0
51 2 0 0 1 1 0 1 0 0 0 0 0 0
52 2 0 0 1 1 0 1 0 0 0 0 0 0
55 2 0 0 0 0 0 1 0 0 0 0 0 0
58 6 1 1 5 0 0 1 0 0 0 0 1 1
fl=./csu/./csu/init-first.c
fn=_init_first
46 6 1 1 0 0 0 2 0 0 0 0 0 0
51 2 0 0 1 0 0 0 0 0 1 0 0 0
55 5 1 1 4 2 1 0 0 0 1 0 0 0
61 1 0 0 0 0 0 1 1 0 0 0 0 0
62 1 0 0 0 0 0 1 0 0 0 0 0 0
63 2 0 0 1 1 0 1 1 1 0 0 0 0
71 2 0 0 0 0 0 0 0 0 0 0 0 0
72 3 0 0 2 0 0 0 0 0 0 0 0 0
fl=./ctype/./ctype/ctype-info.c
fn=__ctype_init
29 1 1 1 0 0 0 0 0 0 0 0 0 0
31 7 1 1 5 4 0 1 0 0 0 0 0 0
33 4 0 0 2 1 0 1 0 0 0 0 0 0
35 4 0 0 2 0 0 1 0 0 0 0 0 0
36 1 0 0 1 0 0 0 0 0 0 0 0 0
fl=./debug/../sysdeps/x86_64/multiarch/ifunc-memmove.h
fn=__memcpy_chk
56 4 0 0 0 0 0 0 0 0 2 0 0 0
57 6 0 0 4 0 0 0 0 0 0 0 0 0
60 6 0 0 2 0 0 0 0 0 0 0 0 0
61 4 1 1 0 0 0 0 0 0 2 2 0 0
74 4 0 0 0 0 0 0 0 0 2 0 0 0
77 4 0 0 0 0 0 0 0 0 2 1 0 0
85 4 0 0 0 0 0 0 0 0 2 2 0 0
93 4 1 1 0 0 0 0 0 0 2 2 0 0
96 10 2 2 2 0 0 0 0 0 0 0 0 0
fn=__memmove_chk
56 2 0 0 0 0 0 0 0 0 1 0 0 0
57 3 0 0 2 0 0 0 0 0 0 0 0 0
60 3 1 1 1 0 0 0 0 0 0 0 0 0
61 2 1 1 0 0 0 0 0 0 1 1 0 0
74 2 0 0 0 0 0 0 0 0 1 0 0 0
77 2 0 0 0 0 0 0 0 0 1 0 0 0
85 2 0 0 0 0 0 0 0 0 1 1 0 0
93 2 0 0 0 0 0 0 0 0 1 1 0 0
96 5 1 1 1 0 0 0 0 0 0 0 0 0
fn=__mempcpy_chk
56 2 0 0 0 0 0 0 0 0 1 0 0 0
57 3 0 0 2 0 0 0 0 0 0 0 0 0
60 3 0 0 1 0 0 0 0 0 0 0 0 0
61 2 1 1 0 0 0 0 0 0 1 1 0 0
74 2 0 0 0 0 0 0 0 0 1 0 0 0
77 2 0 0 0 0 0 0 0 0 1 0 0 0
85 2 0 0 0 0 0 0 0 0 1 1 0 0
93 2 1 1 0 0 0 0 0 0 1 1 0 0
96 5 2 2 1 0 0 0 0 0 0 0 0 0
fl=./debug/../sysdeps/x86_64/multiarch/ifunc-memset.h
fn=__memset_chk
54 15 0 0 6 0 0 0 0 0 3 0 0 0
57 9 1 1 3 0 0 0 0 0 0 0 0 0
58 6 1 1 0 0 0 0 0 0 3 3 0 0
64 6 0 0 0 0 0 0 0 0 0 0 0 0
73 6 0 0 0 0 0 0 0 0 3 0 0 0
75 6 0 0 0 0 0 0 0 0 3 0 0 0
85 6 0 0 0 0 0 0 0 0 3 0 0 0
93 6 0 0 0 0 0 0 0 0 3 0 0 0
96 15 0 0 3 0 0 0 0 0 0 0 0 0
fl=./debug/../sysdeps/x86_64/multiarch/memcpy_chk.c
fn=__memcpy_chk
29 2 1 1 0 0 0 0 0 0 0 0 0 0
fl=./debug/../sysdeps/x86_64/multiarch/memmove_chk.c
fn=__memmove_chk
29 1 0 0 0 0 0 0 0 0 0 0 0 0
fl=./debug/../sysdeps/x86_64/multiarch/mempcpy_chk.c
fn=__mempcpy_chk
29 1 1 1 0 0 0 0 0 0 0 0 0 0
fl=./debug/../sysdeps/x86_64/multiarch/memset_chk.c
fn=__memset_chk
29 3 0 0 0 0 0 0 0 0 0 0 0 0
fl=./elf/../bits/stdlib-bsearch.h
fn=intel_check_word.constprop.0
27 96 0 0 0 0 0 0 0 0 0 0 0 0
28 48 0 0 0 0 0 0 0 0 0 0 0 0
29 744 0 0 0 0 0 0 0 0 372 38 0 0
31 648 0 0 0 0 0 0 0 0 0 0 0 0
32 348 0 0 0 0 0 0 0 0 0 0 0 0
35 264 0 0 0 0 0 0 0 0 0 0 0 0
37 120 1 1 0 0 0 0 0 0 0 0 0 0
fl=./elf/../elf/dl-tls.c
fn=_dl_add_to_slotinfo
1017 9 1 1 0 0 0 5 0 0 0 0 0 0
1023 1 0 0 1 0 0 0 0 0 0 0 0 0
1026 1 0 0 1 0 0 0 0 0 0 0 0 0
1027 1 0 0 0 0 0 0 0 0 0 0 0 0
1031 3 1 1 1 1 0 0 0 0 1 0 0 0
1065 2 0 0 0 0 0 0 0 0 1 1 0 0
1068 2 0 0 0 0 0 1 1 0 0 0 0 0
1069 3 0 0 1 0 0 1 0 0 0 0 0 0
1072 6 1 1 6 0 0 0 0 0 0 0 0 0
fn=_dl_allocate_tls_init
523 11 1 1 0 0 0 8 0 0 0 0 0 0
524 2 0 0 0 0 0 0 0 0 1 0 0 0
528 2 0 0 1 1 0 1 0 0 0 0 0 0
531 1 0 0 0 0 0 0 0 0 0 0 0 0
534 2 1 1 1 1 0 1 0 0 0 0 1 1
537 3 0 0 2 1 0 0 0 0 1 0 0 0
549 1 0 0 1 0 0 0 0 0 0 0 0 0
554 17 1 1 2 1 0 1 0 0 2 1 0 0
560 5 1 1 0 0 0 0 0 0 2 1 0 0
563 3 0 0 1 1 0 0 0 0 0 0 0 0
564 2 0 0 0 0 0 0 0 0 1 0 0 0
570 3 1 1 2 0 0 0 0 0 1 0 0 0
571 2 0 0 0 0 0 0 0 0 0 0 0 0
573 10 0 0 3 2 0 1 0 0 0 0 0 0
576 2 0 0 0 0 0 0 0 0 1 0 0 0
577 2 0 0 1 0 0 0 0 0 0 0 0 0
580 2 1 1 0 0 0 0 0 0 1 0 0 0
581 4 0 0 2 1 0 0 0 0 1 0 0 0
583 2 0 0 0 0 0 0 0 0 1 0 0 0
584 2 0 0 1 0 0 0 0 0 0 0 0 0
593 1 0 0 0 0 0 1 0 0 0 0 0 0
601 2 0 0 1 0 0 0 0 0 1 1 0 0
603 10 0 0 2 0 0 3 0 0 0 0 0 0
609 1 0 0 1 0 0 0 0 0 0 0 0 0
615 2 0 0 1 0 0 1 0 0 0 0 1 1
618 2 0 0 1 0 0 1 0 0 0 0 0 0
621 9 0 0 8 0 0 0 0 0 0 0 0 0
fn=_dl_allocate_tls_storage
365 1 0 0 1 0 0 0 0 0 0 0 0 0
369 1 1 1 0 0 0 0 0 0 0 0 0 0
370 1 0 0 0 0 0 0 0 0 0 0 0 0
371 2 0 0 0 0 0 0 0 0 1 0 0 0
374 1 0 0 0 0 0 1 1 1 0 0 0 0
380 2 0 0 0 0 0 1 0 0 0 0 0 0
417 7 2 2 0 0 0 4 0 0 0 0 0 0
419 1 0 0 1 0 0 0 0 0 0 0 0 0
430 1 0 0 1 0 0 0 0 0 0 0 0 0
431 1 0 0 0 0 0 0 0 0 0 0 0 0
432 2 0 0 0 0 0 0 0 0 1 0 0 0
440 6 0 0 0 0 0 0 0 0 0 0 0 0
441 1 1 1 0 0 0 0 0 0 0 0 0 0
445 305 0 0 0 0 0 297 37 37 296 10 0 0
464 1 0 0 0 0 0 1 1 1 0 0 0 0
470 7 0 0 5 0 0 0 0 0 0 0 0 0
fn=_dl_assign_tls_modid
125 4 1 1 0 0 0 1 0 0 0 0 0 0
128 2 0 0 1 0 0 0 0 0 1 0 0 0
141 1 0 0 1 0 0 0 0 0 0 0 0 0
181 1 0 0 0 0 0 0 0 0 0 0 0 0
183 1 1 1 0 0 0 1 0 0 0 0 0 0
186 1 0 0 0 0 0 1 0 0 0 0 0 0
187 2 0 0 2 0 0 0 0 0 0 0 0 0
fn=_dl_count_modids
192 1 1 1 0 0 0 0 0 0 0 0 0 0
194 2 0 0 1 0 0 0 0 0 1 0 0 0
195 1 0 0 1 0 0 0 0 0 0 0 0 0
210 2 0 0 1 0 0 0 0 0 0 0 0 0
fn=_dl_determine_tlsoffset
216 9 1 1 0 0 0 6 0 0 0 0 0 0
217 1 0 0 0 0 0 0 0 0 0 0 0 0
218 1 0 0 0 0 0 0 0 0 0 0 0 0
219 1 0 0 0 0 0 0 0 0 0 0 0 0
222 4 0 0 1 0 0 1 0 0 1 0 0 0
225 2 0 0 1 0 0 0 0 0 1 0 0 0
259 1 0 0 0 0 0 0 0 0 0 0 0 0
261 11 1 1 3 0 0 0 0 0 2 2 0 0
263 5 1 1 2 0 0 1 0 0 1 0 0 0
265 3 1 1 1 0 0 0 0 0 0 0 0 0
266 2 0 0 1 0 0 0 0 0 0 0 0 0
268 2 0 0 0 0 0 0 0 0 0 0 0 0
270 5 0 0 1 0 0 0 0 0 1 1 0 0
281 1 0 0 0 0 0 1 0 0 0 0 0 0
286 8 0 0 0 0 0 0 0 0 0 0 0 0
288 2 0 0 0 0 0 0 0 0 1 1 0 0
289 1 0 0 0 0 0 0 0 0 0 0 0 0
294 1 0 0 0 0 0 0 0 0 0 0 0 0
301 1 0 0 0 0 0 1 0 0 0 0 0 0
302 7 2 2 1 0 0 0 0 0 0 0 0 0
304 2 0 0 0 0 0 1 0 0 0 0 0 0
354 1 0 0 0 0 0 1 0 0 0 0 0 0
355 8 0 0 7 0 0 0 0 0 0 0 0 0
fn=_dl_tls_static_surplus_init
83 3 0 0 0 0 0 0 0 0 0 0 0 0
97 8 1 1 0 0 0 4 0 0 0 0 0 0
100 6 0 0 1 0 0 1 0 0 0 0 0 0
101 5 0 0 1 0 0 1 0 0 0 0 0 0
102 3 0 0 0 0 0 0 0 0 0 0 0 0
104 4 1 1 0 0 0 0 0 0 1 0 0 0
107 1 0 0 0 0 0 0 0 0 0 0 0 0
109 1 0 0 0 0 0 1 0 0 0 0 0 0
111 3 0 0 0 0 0 1 0 0 0 0 0 0
112 6 0 0 5 0 0 0 0 0 0 0 0 0
fl=./elf/../include/list.h
fn=__tls_init_tp
43 2 1 1 1 1 0 1 0 0 0 0 0 0
44 2 0 0 0 0 0 1 0 0 0 0 0 0
45 1 0 0 0 0 0 1 0 0 0 0 0 0
47 1 0 0 0 0 0 1 0 0 0 0 0 0
fl=./elf/../include/rtld-malloc.h
fn=__minimal_calloc
56 24 0 0 24 0 0 0 0 0 0 0 24 1
fn=_dl_allocate_tls_storage
44 2 0 0 1 0 0 1 0 0 0 0 1 1
56 1 0 0 1 0 0 1 0 0 0 0 1 1
fn=_dl_check_map_versions
44 33 1 1 11 0 0 11 0 0 0 0 11 1
fn=_dl_find_object_init
56 2 0 0 1 0 0 1 0 0 0 0 1 1
fn=_dl_important_hwcaps
56 4 0 0 2 0 0 2 0 0 0 0 2 2
fn=_dl_init_paths
56 5 0 0 3 0 0 3 0 0 0 0 3 3
fn=_dl_map_object_deps
56 22 0 0 11 0 0 11 0 0 0 0 11 6
fn=_dl_new_object
44 33 0 0 11 0 0 11 1 1 0 0 11 1
56 30 1 1 10 0 0 10 0 0 0 0 10 1
fn=fillin_rpath.isra.0
50 2 1 1 2 0 0 1 0 0 0 0 1 1
51 1 0 0 0 0 0 0 0 0 0 0 0 0
56 2 0 0 1 0 0 1 0 0 0 0 1 1
fn=init_tls
44 2 0 0 1 0 0 1 0 0 0 0 1 1
fl=./elf/../include/scratch_buffer.h
fn=_dl_map_object_deps
77 2 0 0 0 0 0 1 1 1 0 0 0 0
78 1 0 0 0 0 0 1 0 0 0 0 0 0
85 3 1 1 1 0 0 0 0 0 1 1 0 0
131 40 1 1 0 0 0 20 0 0 0 0 0 0
fl=./elf/../misc/sbrk.c
fn=sbrk
37 6 1 1 0 0 0 3 0 0 0 0 0 0
40 1 0 0 1 0 0 0 0 0 0 0 0 0
58 2 0 0 0 0 0 0 0 0 1 0 0 0
62 2 0 0 0 0 0 0 0 0 1 1 0 0
78 5 1 1 4 0 0 0 0 0 0 0 0 0
fl=./elf/../nptl/nptl-stack.h
fn=__libc_early_init
61 8 1 1 2 1 0 0 0 0 0 0 0 0
fl=./elf/../sysdeps/generic/_itoa.h
fn=_dl_check_map_versions
76 42 0 0 14 0 0 28 0 0 0 0 0 0
fl=./elf/../sysdeps/generic/dl-cache.h
fn=_dl_load_cache_lookup
125 9 1 1 9 1 1 0 0 0 0 0 0 0
194 1 0 0 1 0 0 0 0 0 0 0 0 0
195 5 0 0 0 0 0 0 0 0 1 1 0 0
fl=./elf/../sysdeps/generic/dl-call_tls_init_tp.h
fn=init_tls
31 8 0 0 0 0 0 2 0 0 1 0 0 0
33 1 0 0 0 0 0 1 0 0 0 0 0 0
fl=./elf/../sysdeps/generic/dl-debug.h
fn=dl_main
29 4 0 0 2 0 0 0 0 0 1 0 0 0
30 1 0 0 0 0 0 1 0 0 0 0 0 0
fl=./elf/../sysdeps/generic/dl-hash.h
fn=__rtld_malloc_init_real
43 1 0 0 0 0 0 0 0 0 0 0 0 0
44 1 0 0 0 0 0 0 0 0 0 0 0 0
45 19 0 0 6 1 1 0 0 0 6 5 0 0
48 18 0 0 0 0 0 0 0 0 0 0 0 0
62 24 0 0 0 0 0 0 0 0 0 0 0 0
67 1 0 0 0 0 0 0 0 0 0 0 0 0
72 1 0 0 0 0 0 1 0 0 0 0 0 0
fl=./elf/../sysdeps/generic/dl-new-hash.h
fn=_dl_lookup_symbol_x
69 396 0 0 0 0 0 0 0 0 0 0 0 0
70 792 0 0 0 0 0 0 0 0 0 0 0 0
74 2845 0 0 2845 195 190 0 0 0 0 0 0 0
77 5690 0 0 0 0 0 0 0 0 2845 265 0 0
80 2616 0 0 2616 19 19 0 0 0 0 0 0 0
81 5232 0 0 0 0 0 0 0 0 2616 184 0 0
87 167 1 1 0 0 0 0 0 0 0 0 0 0
88 167 0 0 0 0 0 0 0 0 0 0 0 0
89 334 0 0 0 0 0 0 0 0 0 0 0 0
90 167 0 0 0 0 0 0 0 0 0 0 0 0
99 2449 0 0 0 0 0 0 0 0 0 0 0 0
101 2449 0 0 0 0 0 0 0 0 0 0 0 0
102 4898 0 0 0 0 0 0 0 0 0 0 0 0
104 2449 1 1 0 0 0 0 0 0 0 0 0 0
105 2449 0 0 0 0 0 0 0 0 0 0 0 0
fl=./elf/../sysdeps/generic/dl-protected.h
fn=do_lookup_x
29 1460 0 0 0 0 0 0 0 0 365 0 0 0
fl=./elf/../sysdeps/generic/ldsodefs.h
fn=_dl_relocate_object
79 102 1 1 50 0 0 0 0 0 0 0 0 0
140 1281 0 0 427 0 0 0 0 0 0 0 0 0
fn=_dl_start
79 6 1 1 3 0 0 0 0 0 0 0 0 0
fn=do_lookup_x
139 730 0 0 365 0 0 0 0 0 0 0 0 0
140 1095 0 0 0 0 0 0 0 0 0 0 0 0
fl=./elf/../sysdeps/nptl/dl-mutex.c
fn=__rtld_mutex_init
30 7 1 1 0 0 0 4 0 0 0 0 0 0
37 1 0 0 1 0 0 0 0 0 0 0 0 0
40 7 0 0 0 0 0 1 0 0 0 0 0 0
44 2 1 1 0 0 0 0 0 0 1 0 0 0
45 9 0 0 3 0 0 1 0 0 1 0 0 0
47 6 0 0 0 0 0 1 0 0 0 0 0 0
51 2 1 1 0 0 0 0 0 0 1 0 0 0
52 7 0 0 3 0 0 1 0 0 1 0 0 0
53 6 0 0 5 0 0 0 0 0 0 0 0 0
fl=./elf/../sysdeps/nptl/dl-tls_init_tp.c
fn=__tls_init_tp
68 5 0 0 0 0 0 2 0 0 0 0 0 0
69 1 0 0 1 0 0 0 0 0 0 0 0 0
72 1 0 0 0 0 0 0 0 0 0 0 0 0
75 4 0 0 0 0 0 1 0 0 0 0 0 0
76 2 0 0 0 0 0 1 0 0 0 0 0 0
77 1 1 1 0 0 0 1 0 0 0 0 0 0
82 2 0 0 1 0 0 1 0 0 0 0 0 0
87 4 0 0 0 0 0 1 0 0 0 0 0 0
90 1 0 0 0 0 0 1 0 0 0 0 0 0
93 3 0 0 0 0 0 0 0 0 0 0 0 0
105 4 1 1 0 0 0 1 0 0 0 0 0 0
121 3 0 0 2 1 0 1 0 0 0 0 0 0
128 2 0 0 1 0 0 1 0 0 0 0 0 0
129 3 0 0 3 0 0 0 0 0 0 0 0 0
fn=__tls_pre_init_tp
53 3 1 1 0 0 0 0 0 0 0 0 0 0
56 10 1 1 0 0 0 3 1 1 0 0 0 0
61 2 0 0 0 0 0 1 0 0 0 0 0 0
62 1 1 1 0 0 0 1 0 0 0 0 0 0
64 1 0 0 1 0 0 0 0 0 0 0 0 0
fn=rtld_mutex_dummy
42 24 0 0 0 0 0 0 0 0 0 0 0 0
44 48 0 0 24 0 0 0 0 0 0 0 0 0
fl=./elf/../sysdeps/nptl/pthread_early_init.h
fn=__libc_early_init
33 6 0 0 0 0 0 1 0 0 1 0 0 0
34 1 1 1 1 0 0 0 0 0 0 0 0 0
38 5 0 0 0 0 0 0 0 0 0 0 0 0
45 2 0 0 2 0 0 0 0 0 0 0 0 0
46 1 0 0 0 0 0 0 0 0 0 0 0 0
48 2 0 0 0 0 0 0 0 0 0 0 0 0
52 5 0 0 0 0 0 1 0 0 0 0 0 0
53 1 0 0 0 0 0 1 1 1 0 0 0 0
54 1 0 0 0 0 0 1 1 1 0 0 0 0
56 1 0 0 0 0 0 1 0 0 0 0 0 0
fl=./elf/../sysdeps/posix/dl-fileid.h
fn=_dl_map_object_from_fd
37 40 0 0 0 0 0 10 1 1 10 0 0 0
40 40 0 0 30 1 1 10 0 0 0 0 0 0
49 220 0 0 110 1 1 0 0 0 110 9 0 0
fl=./elf/../sysdeps/unix/sysv/linux/brk.c
fn=brk
36 1 1 1 0 0 0 0 0 0 0 0 0 0
37 1 0 0 0 0 0 1 1 1 0 0 0 0
38 2 0 0 0 0 0 0 0 0 1 0 0 0
44 1 0 0 0 0 0 0 0 0 0 0 0 0
45 1 0 0 1 0 0 0 0 0 0 0 0 0
fl=./elf/../sysdeps/unix/sysv/linux/brk_call.h
fn=brk
24 2 0 0 0 0 0 0 0 0 0 0 0 0
fl=./elf/../sysdeps/unix/sysv/linux/dl-osinfo.h
fn=dl_main
39 2 0 0 1 0 0 0 0 0 0 0 0 0
52 1 0 0 1 0 0 0 0 0 0 0 0 0
fl=./elf/../sysdeps/unix/sysv/linux/dl-parse_auxv.h
fn=_dl_sysdep_parse_arguments
32 2 0 0 0 0 0 1 0 0 0 0 0 0
33 1 0 0 0 0 0 1 0 0 0 0 0 0
34 1 0 0 0 0 0 1 0 0 0 0 0 0
41 93 1 1 24 6 6 0 0 0 23 6 0 0
42 44 0 0 0 0 0 0 0 0 22 0 0 0
43 44 0 0 22 0 0 22 0 0 0 0 0 0
45 1 0 0 0 0 0 1 0 0 0 0 0 0
46 2 0 0 1 0 0 1 0 0 0 0 0 0
47 2 0 0 1 0 0 1 0 0 0 0 0 0
48 2 0 0 1 0 0 1 0 0 0 0 0 0
49 1 0 0 0 0 0 1 0 0 0 0 0 0
51 2 1 1 1 0 0 1 0 0 0 0 0 0
52 2 0 0 1 0 0 1 1 1 0 0 0 0
53 2 0 0 1 0 0 1 0 0 0 0 0 0
54 2 1 1 1 0 0 1 0 0 0 0 0 0
56 2 0 0 1 0 0 1 0 0 0 0 0 0
fl=./elf/../sysdeps/unix/sysv/linux/dl-sysdep.c
fn=_dl_sysdep_parse_arguments
78 7 1 1 0 0 0 4 0 0 0 0 0 0
79 2 0 0 1 0 0 1 1 1 0 0 0 0
80 2 0 0 0 0 0 1 0 0 0 0 0 0
81 3 0 0 0 0 0 1 1 1 0 0 0 0
82 65 0 0 0 0 0 0 0 0 0 0 0 0
83 133 1 1 66 9 9 0 0 0 66 10 0 0
86 2 1 1 0 0 0 1 1 1 0 0 0 0
90 56 0 0 0 0 0 52 7 7 52 10 0 0
93 5 0 0 3 0 0 1 0 0 0 0 0 0
94 2 0 0 1 0 0 1 0 0 0 0 0 0
95 3 1 1 2 0 0 1 0 0 0 0 0 0
96 6 0 0 5 0 0 0 0 0 0 0 0 0
fn=_dl_sysdep_start
102 6 1 1 0 0 0 2 0 0 0 0 0 0
103 1 0 0 0 0 0 1 0 0 0 0 0 0
106 2 0 0 0 0 0 1 1 1 0 0 0 0
110 2 0 0 1 0 0 1 0 0 0 0 0 0
113 1 0 0 0 0 0 1 0 0 0 0 0 0
115 2 0 0 0 0 0 1 0 0 0 0 0 0
122 3 1 1 1 0 0 0 0 0 1 0 0 0
123 2 0 0 0 0 0 2 0 0 0 0 0 0
125 5 0 0 0 0 0 1 0 0 1 0 0 0
137 3 0 0 1 0 0 0 0 0 1 0 0 0
140 5 1 1 3 0 0 1 0 0 0 0 1 1
143 4 1 0 4 1 0 0 0 0 0 0 0 0
fn=_dl_sysdep_start_cleanup
147 1 1 1 0 0 0 0 0 0 0 0 0 0
148 1 0 0 1 0 0 0 0 0 0 0 0 0
fl=./elf/../sysdeps/unix/sysv/linux/dl-vdso-setup.h
fn=dl_main
30 1 0 0 0 0 0 1 0 0 0 0 0 0
33 1 1 1 0 0 0 1 0 0 0 0 0 0
36 1 0 0 0 0 0 1 0 0 0 0 0 0
39 1 0 0 0 0 0 1 0 0 0 0 0 0
45 1 0 0 0 0 0 1 0 0 0 0 0 0
fl=./elf/../sysdeps/unix/sysv/linux/dl-vdso.h
fn=dl_main
40 2 1 1 1 0 0 0 0 0 0 0 0 0
41 5 0 0 0 0 0 2 0 0 1 0 0 0
55 2 0 0 0 0 0 0 0 0 0 0 0 0
fl=./elf/../sysdeps/unix/sysv/linux/rseq-internal.h
fn=__tls_init_tp
32 3 0 0 1 0 0 0 0 0 1 1 0 0
34 7 1 1 0 0 0 0 0 0 0 0 0 0
37 2 0 0 0 0 0 0 0 0 1 1 0 0
40 1 0 0 0 0 0 1 0 0 0 0 0 0
fl=./elf/../sysdeps/unix/sysv/linux/x86/dl-hwcap2.h
fn=update_active.constprop.0
25 2 0 0 1 0 0 0 0 0 1 1 0 0
fl=./elf/../sysdeps/unix/sysv/linux/x86/dl-minsigstacksize.h
fn=get_common_indices.constprop.0
24 2 2 2 1 0 0 0 0 0 1 0 0 0
27 2 0 0 1 0 0 0 0 0 1 0 0 0
28 2 0 0 1 0 0 0 0 0 1 0 0 0
65 3 0 0 0 0 0 0 0 0 0 0 0 0
72 1 0 0 0 0 0 0 0 0 0 0 0 0
74 1 0 0 0 0 0 1 0 0 0 0 0 0
fl=./elf/../sysdeps/x86/cpu-features.c
fn=get_common_indices.constprop.0
398 3 1 1 0 0 0 2 0 0 0 0 0 0
402 4 0 0 0 0 0 0 0 0 1 0 0 0
405 5 0 0 0 0 0 3 0 0 0 0 0 0
409 1 0 0 0 0 0 1 0 0 0 0 0 0
410 4 0 0 0 0 0 1 0 0 0 0 0 0
411 4 1 1 0 0 0 1 0 0 0 0 0 0
412 4 0 0 0 0 0 1 0 0 0 0 0 0
413 3 0 0 0 0 0 1 0 0 0 0 0 0
414 2 0 0 1 0 0 0 0 0 1 0 0 0
421 2 0 0 1 0 0 0 0 0 1 0 0 0
423 9 0 0 0 0 0 4 1 1 0 0 0 0
428 8 2 2 0 0 0 4 1 1 0 0 0 0
435 2 0 0 1 0 0 0 0 0 1 0 0 0
436 7 0 0 0 0 0 4 1 1 0 0 0 0
442 2 0 0 1 0 0 0 0 0 1 1 0 0
457 3 0 0 3 0 0 0 0 0 0 0 0 0
fn=init_cpu_features.constprop.0
376 3 0 0 0 0 0 0 0 0 0 0 0 0
377 2 0 0 0 0 0 0 0 0 1 0 0 0
378 6 0 0 0 0 0 4 0 0 0 0 0 0
383 2 1 1 0 0 0 0 0 0 1 1 0 0
384 6 1 1 0 0 0 4 0 0 0 0 0 0
389 2 0 0 0 0 0 0 0 0 1 0 0 0
390 7 1 1 0 0 0 4 0 0 0 0 0 0
682 8 1 1 0 0 0 6 0 0 0 0 0 0
685 1 0 0 0 0 0 1 0 0 0 0 0 0
686 1 1 1 0 0 0 1 0 0 0 0 0 0
687 1 0 0 0 0 0 1 0 0 0 0 0 0
690 1 0 0 0 0 0 1 1 1 0 0 0 0
699 3 0 0 0 0 0 1 0 0 0 0 0 0
702 6 1 1 0 0 0 0 0 0 3 1 0 0
703 1 0 0 0 0 0 0 0 0 0 0 0 0
706 2 0 0 0 0 0 1 0 0 0 0 0 0
708 6 2 2 0 0 0 1 0 0 0 0 0 0
713 1 0 0 0 0 0 1 0 0 0 0 0 0
715 3 0 0 1 0 0 0 0 0 1 1 0 0
717 9 2 2 3 1 1 1 0 0 1 0 0 0
721 7 0 0 1 1 1 0 0 0 1 0 1 1
774 3 0 0 2 0 0 0 0 0 1 1 0 0
781 2 1 1 0 0 0 1 0 0 0 0 0 0
799 1 1 1 0 0 0 1 0 0 0 0 0 0
832 2 0 0 0 0 0 0 0 0 1 1 0 0
866 4 1 1 0 0 0 0 0 0 1 1 0 0
869 2 0 0 0 0 0 1 0 0 0 0 0 0
870 1 1 1 0 0 0 0 0 0 0 0 0 0
878 2 1 1 1 0 0 0 0 0 1 0 0 0
885 2 0 0 1 0 0 0 0 0 1 0 0 0
887 2 0 0 0 0 0 1 0 0 0 0 0 0
891 2 0 0 0 0 0 0 0 0 1 0 0 0
897 2 0 0 1 0 0 0 0 0 1 1 0 0
899 1 1 1 0 0 0 0 0 0 0 0 0 0
1001 3 1 1 1 0 0 0 0 0 1 0 0 0
1002 2 0 0 0 0 0 1 0 0 0 0 0 0
1005 2 0 0 0 0 0 0 0 0 1 0 0 0
1006 2 0 0 0 0 0 1 0 0 0 0 0 0
1012 1 0 0 0 0 0 1 0 0 0 0 0 0
1013 1 0 0 0 0 0 1 0 0 0 0 0 0
1014 1 0 0 0 0 0 1 0 0 0 0 0 0
1015 2 1 1 1 0 0 1 0 0 0 0 0 0
1019 4 0 0 0 0 0 1 0 0 0 0 0 0
1022 4 0 0 0 0 0 1 0 0 0 0 0 0
1028 3 0 0 1 0 0 0 0 0 1 1 0 0
1041 2 0 0 0 0 0 0 0 0 0 0 0 0
1042 4 1 1 1 0 0 0 0 0 1 1 0 0
1081 1 0 0 0 0 0 1 0 0 0 0 0 0
1082 2 1 1 1 0 0 0 0 0 1 1 0 0
1086 3 0 0 1 0 0 0 0 0 1 1 0 0
1103 2 1 1 0 0 0 0 0 0 0 0 0 0
1104 2 0 0 0 0 0 0 0 0 1 0 0 0
1106 3 0 0 0 0 0 0 0 0 1 0 0 0
1107 2 0 0 1 0 0 0 0 0 0 0 0 0
1109 3 0 0 0 0 0 0 0 0 1 0 0 0
1110 2 0 0 0 0 0 0 0 0 0 0 0 0
1113 2 0 0 0 0 0 1 0 0 0 0 0 0
1127 4 0 0 0 0 0 1 0 0 0 0 0 0
1129 4 0 0 0 0 0 1 0 0 0 0 0 0
1135 4 0 0 0 0 0 1 0 0 0 0 0 0
1142 8 0 0 7 0 0 0 0 0 0 0 0 0
fn=update_active.constprop.0
72 8 2 2 0 0 0 6 0 0 0 0 0 0
76 1 0 0 1 0 0 0 0 0 0 0 0 0
84 3 1 1 1 0 0 0 0 0 0 0 0 0
85 3 0 0 0 0 0 0 0 0 0 0 0 0
86 1 0 0 1 0 0 0 0 0 0 0 0 0
94 4 0 0 1 0 0 1 0 0 0 0 0 0
95 1 0 0 1 0 0 0 0 0 0 0 0 0
103 4 0 0 1 0 0 1 0 0 0 0 0 0
104 1 0 0 1 0 0 0 0 0 0 0 0 0
109 4 0 0 0 0 0 1 0 0 0 0 0 0
112 4 0 0 1 0 0 1 0 0 0 0 0 0
113 1 0 0 1 0 0 0 0 0 0 0 0 0
116 5 1 1 1 0 0 2 1 1 0 0 0 0
117 2 1 1 1 0 0 1 0 0 0 0 0 0
121 5 0 0 1 0 0 2 0 0 0 0 0 0
122 3 0 0 2 0 0 0 0 0 0 0 0 0
123 3 1 1 2 0 0 0 0 0 0 0 0 0
124 2 0 0 1 0 0 1 0 0 0 0 0 0
128 5 0 0 1 0 0 1 0 0 0 0 0 0
129 5 1 1 2 0 0 1 0 0 0 0 0 0
130 3 0 0 2 1 1 0 0 0 0 0 0 0
132 2 0 0 0 0 0 0 0 0 1 0 0 0
133 4 0 0 0 0 0 1 0 0 0 0 0 0
147 2 0 0 0 0 0 0 0 0 1 1 0 0
151 7 2 2 0 0 0 4 0 0 0 0 0 0
152 4 0 0 0 0 0 1 0 0 0 0 0 0
154 3 0 0 0 0 0 0 0 0 1 1 0 0
158 4 1 1 0 0 0 1 0 0 1 0 0 0
161 1 0 0 0 0 0 0 0 0 0 0 0 0
164 2 0 0 0 0 0 0 0 0 1 1 0 0
166 2 0 0 0 0 0 1 0 0 0 0 0 0
170 1 0 0 0 0 0 0 0 0 0 0 0 0
171 1 1 1 1 1 1 0 0 0 0 0 0 0
178 4 1 1 1 0 0 1 0 0 0 0 0 0
180 5 0 0 1 0 0 1 0 0 0 0 0 0
186 4 0 0 0 0 0 1 0 0 0 0 0 0
188 5 1 1 2 0 0 1 0 0 0 0 0 0
190 4 0 0 0 0 0 2 0 0 0 0 0 0
195 5 0 0 0 0 0 1 0 0 1 1 0 0
244 3 0 0 1 0 0 0 0 0 0 0 0 0
245 3 0 0 1 0 0 0 0 0 1 1 0 0
261 4 1 1 0 0 0 0 0 0 1 0 0 0
277 2 0 0 0 0 0 0 0 0 1 1 0 0
281 2 0 0 0 0 0 1 0 0 0 0 0 0
282 1 1 1 1 0 0 0 0 0 0 0 0 0
285 4 0 0 1 0 0 1 0 0 0 0 0 0
289 2 0 0 0 0 0 0 0 0 1 0 0 0
293 3 1 1 0 0 0 0 0 0 0 0 0 0
294 2 0 0 0 0 0 0 0 0 1 0 0 0
296 1 0 0 0 0 0 0 0 0 0 0 0 0
297 1 0 0 0 0 0 0 0 0 0 0 0 0
300 2 0 0 0 0 0 1 0 0 0 0 0 0
302 1 0 0 0 0 0 1 0 0 0 0 0 0
305 2 0 0 0 0 0 0 0 0 1 1 0 0
356 5 1 1 0 0 0 0 0 0 1 1 0 0
360 3 1 1 1 0 0 0 0 0 1 1 0 0
369 1 0 0 0 0 0 1 0 0 0 0 0 0
370 8 0 0 7 0 0 0 0 0 0 0 0 0
fl=./elf/../sysdeps/x86/dl-cacheinfo.h
fn=get_common_cache_info.constprop.0
571 11 1 1 0 0 0 6 0 0 0 0 0 0
586 1 0 0 1 0 0 0 0 0 0 0 0 0
587 1 0 0 1 0 0 0 0 0 0 0 0 0
588 2 0 0 1 0 0 1 0 0 0 0 0 0
589 1 1 1 1 0 0 0 0 0 0 0 0 0
590 2 0 0 1 0 0 1 0 0 0 0 0 0
596 3 0 0 0 0 0 1 0 0 0 0 0 0
598 7 1 1 3 0 0 2 0 0 0 0 0 0
601 2 0 0 0 0 0 0 0 0 1 0 0 0
613 1 0 0 0 0 0 0 0 0 0 0 0 0
618 3 1 1 1 0 0 0 0 0 1 0 0 0
622 2 0 0 0 0 0 0 0 0 1 1 0 0
627 5 1 1 1 0 0 0 0 0 1 1 0 0
630 24 2 2 0 0 0 5 0 0 1 1 0 0
637 8 0 0 0 0 0 0 0 0 4 0 0 0
640 26 0 0 0 0 0 0 0 0 7 5 0 0
645 2 1 1 0 0 0 0 0 0 1 0 0 0
649 3 0 0 0 0 0 0 0 0 0 0 0 0
650 2 0 0 0 0 0 0 0 0 0 0 0 0
654 2 0 0 0 0 0 0 0 0 1 0 0 0
658 3 0 0 0 0 0 0 0 0 0 0 0 0
661 4 0 0 0 0 0 1 0 0 0 0 0 0
662 1 0 0 0 0 0 0 0 0 0 0 0 0
667 4 0 0 0 0 0 0 0 0 2 1 0 0
673 4 0 0 0 0 0 0 0 0 2 0 0 0
681 6 0 0 0 0 0 0 0 0 0 0 0 0
683 2 0 0 0 0 0 0 0 0 1 0 0 0
685 4 0 0 0 0 0 0 0 0 2 1 0 0
687 12 1 1 0 0 0 0 0 0 1 0 0 0
689 1 0 0 0 0 0 0 0 0 0 0 0 0
690 1 0 0 0 0 0 0 0 0 0 0 0 0
691 9 0 0 1 0 0 0 0 0 2 0 0 0
693 4 1 1 0 0 0 0 0 0 2 1 0 0
696 7 1 1 4 0 0 0 0 0 1 0 0 0
701 1 0 0 0 0 0 0 0 0 0 0 0 0
703 4 1 1 0 0 0 0 0 0 0 0 0 0
704 3 0 0 0 0 0 0 0 0 0 0 0 0
705 1 0 0 0 0 0 0 0 0 0 0 0 0
708 2 0 0 0 0 0 0 0 0 1 1 0 0
711 2 1 1 0 0 0 0 0 0 1 0 0 0
718 1 0 0 0 0 0 0 0 0 0 0 0 0
720 4 0 0 0 0 0 0 0 0 0 0 0 0
721 1 0 0 0 0 0 0 0 0 0 0 0 0
726 2 0 0 0 0 0 0 0 0 0 0 0 0
731 2 0 0 0 0 0 0 0 0 1 0 0 0
732 1 0 0 0 0 0 0 0 0 0 0 0 0
733 2 0 0 0 0 0 0 0 0 1 0 0 0
734 1 0 0 0 0 0 0 0 0 0 0 0 0
759 3 0 0 0 0 0 0 0 0 0 0 0 0
770 5 0 0 1 0 0 0 0 0 2 0 0 0
771 5 0 0 0 0 0 1 0 0 0 0 0 0
775 2 1 1 1 0 0 0 0 0 1 1 0 0
782 1 0 0 0 0 0 1 0 0 0 0 0 0
783 2 0 0 1 0 0 1 0 0 0 0 0 0
784 1 0 0 0 0 0 1 0 0 0 0 0 0
785 7 0 0 7 0 0 0 0 0 0 0 0 0
fn=handle_intel.constprop.0
250 108 0 0 0 0 0 72 0 0 0 0 0 0
255 24 1 1 12 0 0 0 0 0 12 0 0 0
261 12 0 0 0 0 0 12 0 0 0 0 0 0
262 12 0 0 0 0 0 12 0 0 0 0 0 0
267 48 0 0 0 0 0 12 0 0 0 0 0 0
271 24 0 0 0 0 0 0 0 0 12 11 0 0
276 24 1 1 0 0 0 0 0 0 0 0 0 0
279 60 0 0 0 0 0 12 0 0 0 0 0 0
281 24 0 0 0 0 0 0 0 0 12 0 0 0
284 60 1 1 0 0 0 12 0 0 0 0 0 0
286 24 0 0 0 0 0 0 0 0 12 12 0 0
305 96 0 0 84 0 0 0 0 0 0 0 0 0
fn=init_cpu_features.constprop.0
792 1 0 0 0 0 0 1 0 0 0 0 0 0
793 1 0 0 0 0 0 1 0 0 0 0 0 0
795 1 0 0 0 0 0 1 0 0 0 0 0 0
809 2 0 0 0 0 0 0 0 0 1 1 0 0
811 3 1 1 0 0 0 2 0 0 0 0 0 0
812 3 1 1 0 0 0 1 0 0 0 0 0 0
813 3 0 0 0 0 0 2 0 0 0 0 0 0
814 2 0 0 0 0 0 2 0 0 0 0 0 0
817 3 0 0 0 0 0 2 0 0 0 0 0 0
819 3 1 1 0 0 0 2 0 0 0 0 0 0
820 2 0 0 1 0 0 1 0 0 0 0 0 0
822 3 0 0 0 0 0 2 0 0 0 0 0 0
824 3 0 0 0 0 0 2 0 0 0 0 0 0
825 1 0 0 0 0 0 1 0 0 0 0 0 0
827 3 0 0 0 0 0 2 0 0 0 0 0 0
829 3 1 1 0 0 0 2 0 0 0 0 0 0
830 2 0 0 1 0 0 1 0 0 0 0 0 0
832 3 0 0 0 0 0 2 0 0 0 0 0 0
834 3 0 0 0 0 0 1 0 0 0 0 0 0
836 3 1 1 0 0 0 2 0 0 0 0 0 0
838 5 0 0 1 0 0 1 0 0 0 0 0 0
894 2 1 1 1 0 0 1 1 1 0 0 0 0
895 2 0 0 1 0 0 1 0 0 0 0 0 0
896 2 0 0 1 0 0 1 0 0 0 0 0 0
897 2 1 1 1 0 0 1 0 0 0 0 0 0
898 2 0 0 1 0 0 1 0 0 0 0 0 0
899 2 0 0 1 0 0 1 0 0 0 0 0 0
900 1 0 0 0 0 0 1 1 1 0 0 0 0
901 1 0 0 0 0 0 1 0 0 0 0 0 0
902 1 0 0 0 0 0 1 0 0 0 0 0 0
903 1 1 1 0 0 0 1 0 0 0 0 0 0
904 1 0 0 0 0 0 1 0 0 0 0 0 0
905 1 0 0 0 0 0 1 0 0 0 0 0 0
907 1 0 0 1 0 0 0 0 0 0 0 0 0
910 3 0 0 0 0 0 0 0 0 0 0 0 0
924 3 0 0 1 0 0 0 0 0 0 0 0 0
925 7 1 1 5 0 0 2 0 0 0 0 0 0
930 2 0 0 0 0 0 0 0 0 0 0 0 0
931 6 0 0 2 0 0 0 0 0 0 0 0 0
932 2 0 0 0 0 0 0 0 0 0 0 0 0
939 3 0 0 1 0 0 0 0 0 1 0 0 0
959 6 1 1 0 0 0 0 0 0 0 0 0 0
968 2 0 0 0 0 0 0 0 0 0 0 0 0
969 2 0 0 0 0 0 0 0 0 1 1 0 0
974 12 2 2 0 0 0 0 0 0 0 0 0 0
987 5 0 0 2 0 0 1 0 0 0 0 0 0
995 7 1 1 1 0 0 1 0 0 0 0 0 0
997 2 0 0 0 0 0 0 0 0 1 1 0 0
1000 5 0 0 1 0 0 1 0 0 0 0 0 0
1002 2 0 0 0 0 0 0 0 0 1 1 0 0
1005 5 1 1 1 0 0 1 0 0 0 0 0 0
1006 5 0 0 0 0 0 1 0 0 1 0 0 0
1010 6 0 0 1 0 0 2 0 0 0 0 0 0
1011 3 0 0 1 0 0 0 0 0 1 1 0 0
1017 7 0 0 1 0 0 3 0 0 0 0 0 0
1020 11 2 2 2 0 0 5 0 0 0 0 0 0
1021 10 1 1 2 0 0 5 0 0 0 0 0 0
1022 13 2 2 2 0 0 6 0 0 0 0 0 0
1025 10 0 0 1 0 0 5 0 0 0 0 0 0
1027 10 1 1 1 0 0 5 0 0 0 0 0 0
1040 4 0 0 3 0 0 0 0 0 0 0 0 0
1042 2 0 0 1 0 0 1 0 0 0 0 0 0
1043 2 1 1 1 0 0 1 0 0 0 0 0 0
1044 1 0 0 0 0 0 1 0 0 0 0 0 0
1045 1 0 0 0 0 0 1 0 0 0 0 0 0
1046 1 1 1 0 0 0 1 0 0 0 0 0 0
1047 1 0 0 0 0 0 1 0 0 0 0 0 0
fn=intel_check_word.constprop.0
110 648 1 1 324 6 6 0 0 0 324 6 0 0
113 324 0 0 0 0 0 0 0 0 324 41 0 0
119 216 0 0 0 0 0 96 0 0 0 0 0 0
123 48 1 1 0 0 0 0 0 0 24 0 0 0
125 12 0 0 0 0 0 0 0 0 0 0 0 0
129 120 1 1 0 0 0 0 0 0 0 0 0 0
131 144 0 0 0 0 0 0 0 0 72 2 0 0
133 60 0 0 0 0 0 0 0 0 0 0 0 0
135 120 0 0 0 0 0 0 0 0 60 0 0 0
143 120 1 1 0 0 0 0 0 0 60 2 0 0
152 12 0 0 0 0 0 0 0 0 0 0 0 0
155 138 1 1 0 0 0 0 0 0 12 5 0 0
158 99 0 0 0 0 0 0 0 0 33 1 0 0
162 58 0 0 0 0 0 0 0 0 0 0 0 0
164 189 1 1 0 0 0 0 0 0 35 6 0 0
167 120 0 0 0 0 0 0 0 0 20 3 0 0
168 72 0 0 0 0 0 0 0 0 18 4 0 0
169 60 0 0 0 0 0 0 0 0 15 3 0 0
170 48 0 0 0 0 0 0 0 0 12 4 0 0
172 11 1 1 0 0 0 0 0 0 0 0 0 0
174 22 0 0 0 0 0 0 0 0 11 4 0 0
176 12 1 1 0 0 0 0 0 0 0 0 0 0
177 16 0 0 0 0 0 0 0 0 0 0 0 0
178 12 0 0 0 0 0 0 0 0 0 0 0 0
179 20 0 0 0 0 0 0 0 0 0 0 0 0
180 14 1 1 0 0 0 0 0 0 7 3 0 0
181 12 0 0 0 0 0 0 0 0 0 0 0 0
183 8 0 0 0 0 0 0 0 0 4 0 0 0
184 12 0 0 0 0 0 0 0 0 0 0 0 0
187 21 0 0 0 0 0 0 0 0 0 0 0 0
190 2 0 0 0 0 0 0 0 0 0 0 0 0
194 192 0 0 0 0 0 0 0 0 48 6 0 0
202 168 1 1 48 0 0 0 0 0 0 0 0 0
216 48 0 0 0 0 0 0 0 0 0 0 0 0
246 144 0 0 120 0 0 0 0 0 0 0 0 0
fl=./elf/../sysdeps/x86/dl-get-cpu-features.c
fn=__x86_cpu_features
39 3 0 0 1 0 0 0 0 0 1 0 0 0
71 3 1 1 1 0 0 0 0 0 0 0 0 0
fn=_dl_x86_init_cpu_features
37 1 1 1 0 0 0 0 0 0 0 0 0 0
39 3 0 0 1 0 0 0 0 0 1 1 0 0
41 1 0 0 0 0 0 0 0 0 0 0 0 0
fl=./elf/../sysdeps/x86/dl-isa-level.h
fn=_dl_load_cache_lookup
28 54 0 0 18 0 0 18 0 0 0 0 0 0
fl=./elf/../sysdeps/x86/dl-procinfo.h
fn=_dl_load_cache_lookup
39 18 1 1 0 0 0 0 0 0 9 0 0 0
42 63 0 0 0 0 0 18 0 0 9 3 0 0
fl=./elf/../sysdeps/x86/dl-prop.h
fn=_dl_map_object_from_fd
149 40 0 0 20 0 0 0 0 0 20 8 0 0
fn=_dl_process_pt_gnu_property
95 56 2 1 0 0 0 0 0 0 14 0 0 0
102 28 0 0 0 0 0 0 0 0 14 0 0 0
115 28 0 0 0 0 0 0 0 0 14 6 0 0
118 14 0 0 14 9 9 0 0 0 0 0 0 0
252 6 1 1 0 0 0 0 0 0 3 0 0 0
253 3 0 0 0 0 0 3 0 0 0 0 0 0
254 22 0 0 0 0 0 0 0 0 11 0 0 0
255 11 0 0 0 0 0 11 0 0 0 0 0 0
257 56 0 0 14 0 0 14 0 0 0 0 0 0
258 8 0 0 8 0 0 0 0 0 0 0 0 0
260 14 0 0 3 0 0 0 0 0 0 0 0 0
fn=dl_main
36 2 0 0 2 0 0 0 0 0 0 0 0 0
37 39 1 1 0 0 0 0 0 0 13 5 0 0
40 15 0 0 15 0 0 0 0 0 0 0 0 0
49 70 1 1 23 0 0 0 0 0 24 1 0 0
53 58 0 0 12 0 0 0 0 0 11 0 0 0
71 2 0 0 1 0 0 1 0 0 0 0 0 0
149 4 0 0 2 0 0 0 0 0 2 2 0 0
235 4 1 1 4 0 0 0 0 0 0 0 0 0
236 2 0 0 2 0 0 0 0 0 0 0 0 0
fl=./elf/../sysdeps/x86/get-isa-level.h
fn=_dl_hwcaps_subdirs_active
30 4 0 0 0 0 0 0 0 0 1 1 0 0
31 1 0 0 1 0 0 0 0 0 0 0 0 0
32 3 0 0 1 0 0 0 0 0 1 0 0 0
36 3 0 0 0 0 0 0 0 0 1 0 0 0
39 4 1 1 1 0 0 0 0 0 1 0 0 0
40 4 0 0 1 0 0 0 0 0 1 0 0 0
45 4 0 0 0 0 0 0 0 0 1 0 0 0
48 2 0 0 0 0 0 0 0 0 1 0 0 0
51 5 0 0 1 0 0 0 0 0 1 0 0 0
53 4 1 1 0 0 0 0 0 0 1 0 0 0
54 2 0 0 0 0 0 0 0 0 1 0 0 0
55 2 0 0 0 0 0 0 0 0 1 0 0 0
58 4 0 0 0 0 0 0 0 0 1 1 0 0
fn=update_active.constprop.0
28 1 0 0 0 0 0 0 0 0 0 0 0 0
30 4 0 0 0 0 0 0 0 0 0 0 0 0
31 1 0 0 1 0 0 0 0 0 0 0 0 0
32 3 0 0 0 0 0 0 0 0 1 0 0 0
36 3 0 0 0 0 0 0 0 0 1 1 0 0
38 1 0 0 0 0 0 0 0 0 0 0 0 0
39 2 1 1 0 0 0 0 0 0 1 0 0 0
40 4 1 1 1 0 0 0 0 0 1 0 0 0
45 4 0 0 0 0 0 0 0 0 0 0 0 0
47 1 0 0 0 0 0 0 0 0 0 0 0 0
48 2 0 0 0 0 0 0 0 0 1 0 0 0
51 5 1 1 1 0 0 0 0 0 1 0 0 0
53 4 0 0 0 0 0 0 0 0 1 0 0 0
54 2 0 0 0 0 0 0 0 0 0 0 0 0
55 2 0 0 0 0 0 0 0 0 1 0 0 0
57 1 0 0 0 0 0 0 0 0 0 0 0 0
58 4 0 0 0 0 0 0 0 0 1 1 0 0
fl=./elf/../sysdeps/x86_64/dl-cet.c
fn=_dl_cet_check
145 2 0 0 1 1 0 0 0 0 1 0 0 0
157 2 0 0 1 0 0 0 0 0 1 1 0 0
173 1 1 1 0 0 0 0 0 0 0 0 0 0
179 1 0 0 0 0 0 1 0 0 0 0 0 0
275 2 0 0 0 0 0 0 0 0 1 0 0 0
276 1 0 0 0 0 0 1 0 0 0 0 0 0
277 2 0 0 1 0 0 0 0 0 0 0 0 0
282 4 0 0 1 0 0 1 0 0 0 0 0 0
283 3 0 0 0 0 0 1 0 0 0 0 0 0
285 2 0 0 1 0 0 1 0 0 0 0 0 0
293 5 1 1 1 0 0 0 0 0 1 0 0 0
296 1 0 0 0 0 0 1 0 0 0 0 0 0
300 2 0 0 0 0 0 0 0 0 1 0 0 0
301 1 0 0 0 0 0 1 0 0 0 0 0 0
302 2 0 0 0 0 0 0 0 0 0 0 0 0
303 2 1 1 0 0 0 0 0 0 1 0 0 0
304 2 0 0 0 0 0 1 0 0 0 0 0 0
305 2 0 0 0 0 0 0 0 0 0 0 0 0
308 1 0 0 0 0 0 1 0 0 0 0 0 0
310 1 0 0 0 0 0 1 0 0 0 0 0 0
313 2 0 0 0 0 0 0 0 0 1 0 0 0
361 8 1 1 0 0 0 4 0 0 0 0 0 0
363 6 0 0 5 0 0 0 0 0 0 0 0 0
fn=_dl_cet_setup_features
331 1 1 1 0 0 0 0 0 0 0 0 0 0
334 2 0 0 0 0 0 0 0 0 1 0 0 0
350 1 0 0 1 0 0 0 0 0 0 0 0 0
fl=./elf/../sysdeps/x86_64/dl-hwcaps-subdirs.c
fn=_dl_hwcaps_subdirs_active
29 1 1 1 0 0 0 0 0 0 0 0 0 0
38 3 0 0 0 0 0 0 0 0 0 0 0 0
43 1 0 0 0 0 0 0 0 0 0 0 0 0
48 1 0 0 0 0 0 0 0 0 0 0 0 0
52 1 0 0 1 0 0 0 0 0 0 0 0 0
fl=./elf/../sysdeps/x86_64/dl-machine.h
fn=_dl_fixup
234 3 0 0 0 0 0 3 0 0 0 0 0 0
fn=_dl_relocate_object
81 52 0 0 7 0 0 0 0 0 7 2 0 0
87 20 1 1 15 4 0 0 0 0 5 2 0 0
91 15 0 0 5 5 5 0 0 0 5 0 0 0
97 5 0 0 0 0 0 5 0 0 0 0 0 0
108 15 0 0 5 0 0 0 0 0 5 0 0 0
129 10 0 0 5 1 0 0 0 0 5 0 0 0
132 10 0 0 0 0 0 5 0 0 0 0 0 0
134 20 0 0 5 2 0 0 0 0 0 0 0 0
267 884 2 2 0 0 0 0 0 0 0 0 0 0
274 884 0 0 0 0 0 0 0 0 442 1 0 0
278 884 0 0 0 0 0 0 0 0 442 2 0 0
287 3842 3 3 1437 0 0 0 0 0 906 34 0 0
290 875 1 1 396 0 0 0 0 0 0 0 0 0
291 136 0 0 0 0 0 0 0 0 68 14 0 0
292 1644 0 0 0 0 0 0 0 0 411 21 0 0
295 40 1 1 0 0 0 0 0 0 20 0 0 0
296 60 0 0 20 0 0 0 0 0 20 2 0 0
307 40 1 1 0 0 0 40 0 0 0 0 0 0
314 100 1 1 40 0 0 20 0 0 0 0 20 20
317 2652 1 1 442 5 3 0 0 0 442 0 442 59
320 206 0 0 0 0 0 206 0 0 0 0 0 0
323 206 0 0 0 0 0 0 0 0 0 0 0 0
393 60 1 1 0 0 0 36 0 0 0 0 0 0
400 51 1 1 17 0 0 0 0 0 17 0 0 0
402 68 0 0 17 1 0 0 0 0 17 0 0 0
406 51 1 1 34 3 3 0 0 0 0 0 0 0
415 34 0 0 17 0 0 17 5 5 0 0 0 0
423 896 1 1 471 4 4 425 65 59 0 0 0 0
436 7 0 0 0 0 0 4 0 0 1 0 0 0
476 136 1 1 136 0 0 0 0 0 0 0 0 0
478 68 0 0 0 0 0 68 0 0 0 0 68 68
479 68 0 0 0 0 0 68 3 1 0 0 0 0
498 3342 0 0 1114 138 138 0 0 0 0 0 0 0
499 1114 0 0 0 0 0 1114 274 261 0 0 0 0
503 2228 0 0 0 0 0 0 0 0 1114 0 0 0
504 2228 0 0 1114 141 141 0 0 0 0 0 0 0
514 530 0 0 265 0 0 0 0 0 0 0 0 0
518 530 0 0 0 0 0 0 0 0 265 0 0 0
521 795 0 0 265 0 0 0 0 0 265 2 0 0
522 265 0 0 265 33 33 0 0 0 0 0 0 0
730 24 0 0 0 0 0 0 0 0 12 3 0 0
734 12 1 1 6 4 0 0 0 0 6 0 0 0
fn=_dl_start
55 1 0 0 0 0 0 0 0 0 0 0 0 0
278 9 0 0 0 0 0 0 0 0 3 0 0 0
287 27 0 0 9 3 3 1 1 1 3 0 0 0
290 6 0 0 3 0 0 0 0 0 0 0 0 0
291 12 0 0 0 0 0 0 0 0 3 0 0 0
317 8 0 0 0 0 0 0 0 0 4 3 0 0
323 2 0 0 0 0 0 2 1 1 0 0 0 0
fn=_dl_sysdep_start
220 1 0 0 0 0 0 1 0 0 0 0 0 0
fl=./elf/../sysdeps/x86_64/dl-runtime.h
fn=_dl_fixup
28 3 0 0 0 0 0 0 0 0 0 0 0 0
fl=./elf/../sysdeps/x86_64/dl-trampoline.h
fn=_dl_runtime_resolve_xsave
71 3 1 1 0 0 0 0 0 0 0 0 0 0
76 3 0 0 0 0 0 3 0 0 0 0 0 0
79 3 0 0 0 0 0 0 0 0 0 0 0 0
81 3 0 0 0 0 0 0 0 0 0 0 0 0
91 3 0 0 3 0 0 0 0 0 0 0 0 0
97 3 0 0 0 0 0 3 0 0 0 0 0 0
98 3 0 0 0 0 0 3 0 0 0 0 0 0
99 3 1 1 0 0 0 3 0 0 0 0 0 0
100 3 0 0 0 0 0 3 0 0 0 0 0 0
101 3 0 0 0 0 0 3 0 0 0 0 0 0
102 3 0 0 0 0 0 3 0 0 0 0 0 0
103 3 0 0 0 0 0 3 0 0 0 0 0 0
107 3 0 0 0 0 0 0 0 0 0 0 0 0
108 3 0 0 0 0 0 0 0 0 0 0 0 0
111 3 0 0 0 0 0 3 1 0 0 0 0 0
112 3 0 0 0 0 0 3 0 0 0 0 0 0
114 3 0 0 0 0 0 3 0 0 0 0 0 0
115 3 0 0 0 0 0 3 0 0 0 0 0 0
116 3 1 1 0 0 0 3 0 0 0 0 0 0
117 3 0 0 0 0 0 3 0 0 0 0 0 0
118 3 0 0 0 0 0 3 0 0 0 0 0 0
119 3 0 0 0 0 0 3 0 0 0 0 0 0
121 3 0 0 3 0 0 99 5 0 0 0 0 0
128 3 0 0 3 0 0 0 0 0 0 0 0 0
129 3 0 0 3 0 0 0 0 0 0 0 0 0
130 3 0 0 0 0 0 3 1 1 0 0 0 0
131 3 0 0 0 0 0 0 0 0 0 0 0 0
136 3 0 0 0 0 0 0 0 0 0 0 0 0
137 3 0 0 0 0 0 0 0 0 0 0 0 0
138 3 0 0 108 0 0 0 0 0 0 0 0 0
140 3 1 1 3 0 0 0 0 0 0 0 0 0
141 3 0 0 3 0 0 0 0 0 0 0 0 0
142 3 0 0 3 0 0 0 0 0 0 0 0 0
143 3 0 0 3 0 0 0 0 0 0 0 0 0
144 3 0 0 3 0 0 0 0 0 0 0 0 0
145 3 0 0 3 0 0 0 0 0 0 0 0 0
146 3 0 0 3 0 0 0 0 0 0 0 0 0
148 3 0 0 0 0 0 0 0 0 0 0 0 0
150 3 0 0 3 0 0 0 0 0 0 0 0 0
154 3 0 0 0 0 0 0 0 0 0 0 0 0
156 3 0 0 0 0 0 0 0 0 0 0 3 3
fl=./elf/./dl-find_object.h
fn=_dl_find_object_from_map
95 24 1 1 12 7 0 12 7 6 0 0 0 0
96 24 1 1 12 0 0 12 0 0 0 0 0 0
97 12 0 0 0 0 0 12 0 0 0 0 0 0
103 60 0 0 24 11 0 0 0 0 0 0 0 0
104 327 0 0 0 0 0 0 0 0 113 4 0 0
105 226 1 1 113 99 8 0 0 0 113 26 0 0
107 36 0 0 24 2 0 12 0 0 0 0 0 0
112 12 0 0 12 0 0 0 0 0 0 0 0 0
fl=./elf/./dl-hwcaps.h
fn=_dl_important_hwcaps
43 9 1 1 0 0 0 6 0 0 0 0 0 0
45 7 0 0 0 0 0 6 0 0 0 0 0 0
46 1 0 0 0 0 0 0 0 0 0 0 0 0
77 8 0 0 3 0 0 5 0 0 0 0 0 0
78 8 1 1 3 0 0 5 0 0 0 0 0 0
79 7 2 2 0 0 0 2 0 0 0 0 0 0
fl=./elf/./dl-load.h
fn=_dl_map_object_from_fd
91 80 0 0 40 0 0 0 0 0 40 3 0 0
92 36 1 1 18 0 0 0 0 0 9 0 0 0
93 45 1 1 9 0 0 0 0 0 9 0 0 0
94 36 0 0 9 0 0 0 0 0 0 0 0 0
96 36 0 0 0 0 0 9 0 0 0 0 0 0
fl=./elf/./dl-main.h
fn=dl_main
109 5 1 1 4 0 0 1 0 0 0 0 0 0
fl=./elf/./dl-map-segments.h
fn=_dl_map_object_from_fd
28 30 0 0 10 0 0 0 0 0 10 0 0 0
29 90 1 1 30 0 0 20 2 2 0 0 0 0
81 10 0 0 10 0 0 0 0 0 0 0 0 0
101 10 0 0 0 0 0 10 0 0 0 0 0 0
102 30 0 0 10 0 0 0 0 0 10 0 0 0
105 30 0 0 10 0 0 10 0 0 0 0 0 0
106 20 0 0 0 0 0 10 0 0 0 0 0 0
108 20 1 1 10 0 0 0 0 0 10 2 0 0
125 10 1 1 10 0 0 0 0 0 0 0 0 0
135 240 1 1 40 0 0 0 0 0 40 6 0 0
137 120 0 0 60 0 0 0 0 0 30 0 0 0
139 300 0 0 120 0 0 30 0 0 30 2 0 0
149 160 0 0 80 0 0 0 0 0 40 16 0 0
155 20 1 1 10 0 0 0 0 0 0 0 0 0
156 10 0 0 0 0 0 0 0 0 0 0 0 0
157 30 0 0 10 0 0 0 0 0 0 0 0 0
158 20 0 0 0 0 0 0 0 0 0 0 0 0
160 20 0 0 0 0 0 0 0 0 0 0 0 0
165 20 0 0 0 0 0 0 0 0 10 0 0 0
168 30 0 0 10 0 0 0 0 0 10 0 0 0
176 70 0 0 10 0 0 20 0 0 0 0 0 0
182 20 0 0 0 0 0 0 0 0 10 2 0 0
186 16 2 2 2 0 0 2 0 0 0 0 0 0
189 4 0 0 0 0 0 0 0 0 2 2 0 0
194 40 1 1 0 0 0 0 0 0 0 0 0 0
fl=./elf/./dl-sym-post.h
fn=lookup_malloc_symbol
41 8 0 0 0 0 0 0 0 0 4 0 0 0
53 12 0 0 4 0 0 0 0 0 4 0 0 0
fl=./elf/./dl-tunable-types.h
fn=__GI___tunable_set_val
84 5 0 0 0 0 0 0 0 0 0 0 0 0
fl=./elf/./elf/dl-audit.c
fn=_dl_audit_activity_map
29 7 1 1 0 0 0 5 0 0 0 0 0 0
30 1 0 0 1 0 0 0 0 0 0 0 0 0
31 3 0 0 1 0 0 0 0 0 1 1 0 0
37 6 1 1 6 0 0 0 0 0 0 0 0 0
fn=_dl_audit_activity_nsid
41 3 1 1 0 0 0 0 0 0 0 0 0 0
45 12 0 0 3 1 0 0 0 0 0 0 0 0
46 3 0 0 3 0 0 0 0 0 0 0 0 0
47 15 1 1 3 0 0 0 0 0 6 0 0 0
fn=_dl_audit_objclose
97 12 1 1 0 0 0 0 0 0 0 0 0 0
98 48 0 0 24 0 0 0 0 0 12 0 0 0
fn=_dl_audit_objopen
77 10 1 1 0 0 0 0 0 0 0 0 0 0
78 40 0 0 20 0 0 0 0 0 10 0 0 0
fn=_dl_audit_preinit
118 1 1 1 0 0 0 0 0 0 0 0 0 0
119 4 0 0 2 0 0 0 0 0 1 0 0 0
fl=./elf/./elf/dl-cache.c
fn=_dl_cache_libcmp
357 184 1 1 0 0 0 0 0 0 0 0 0 0
358 1136 1 1 92 0 0 0 0 0 522 12 0 0
360 1530 0 0 0 0 0 0 0 0 510 16 0 0
362 542 1 1 0 0 0 0 0 0 16 3 0 0
368 56 0 0 0 0 0 0 0 0 0 0 0 0
369 42 0 0 0 0 0 0 0 0 0 0 0 0
370 482 0 0 432 0 0 0 0 0 16 3 0 0
371 6 0 0 0 0 0 0 0 0 0 0 0 0
372 482 0 0 432 0 0 0 0 0 16 2 0 0
373 6 0 0 0 0 0 0 0 0 0 0 0 0
374 28 0 0 0 0 0 0 0 0 14 4 0 0
378 4 0 0 2 0 0 0 0 0 0 0 0 0
380 988 0 0 0 0 0 0 0 0 494 3 0 0
381 3 0 0 0 0 0 0 0 0 0 0 0 0
382 982 0 0 0 0 0 0 0 0 491 75 0 0
383 225 1 1 75 0 0 0 0 0 0 0 0 0
386 416 0 0 0 0 0 0 0 0 0 0 0 0
387 416 0 0 0 0 0 0 0 0 0 0 0 0
390 128 0 0 104 43 42 0 0 0 0 0 0 0
391 3 0 0 3 0 0 0 0 0 0 0 0 0
fn=_dl_load_cache_lookup
191 160 0 0 0 0 0 0 0 0 0 0 0 0
205 9 0 0 9 0 0 0 0 0 0 0 0 0
208 72 2 2 9 0 0 27 0 0 0 0 0 0
210 90 0 0 27 0 0 27 0 0 0 0 0 0
211 18 1 1 0 0 0 0 0 0 0 0 0 0
213 45 0 0 0 0 0 9 0 0 0 0 0 0
220 187 0 0 9 0 0 0 0 0 80 8 0 0
222 490 1 1 18 0 0 27 0 0 0 0 0 0
223 160 0 0 80 41 38 0 0 0 0 0 0 0
227 240 1 1 80 0 0 0 0 0 80 0 0 0
231 240 0 0 80 0 0 80 0 0 0 0 0 0
232 160 0 0 0 0 0 0 0 0 80 2 0 0
240 40 0 0 0 0 0 0 0 0 20 4 0 0
242 22 0 0 11 0 0 0 0 0 0 0 0 0
245 22 0 0 0 0 0 0 0 0 11 0 0 0
247 66 0 0 0 0 0 11 0 0 0 0 0 0
249 11 0 0 0 0 0 0 0 0 0 0 0 0
259 22 0 0 11 0 0 0 0 0 11 10 0 0
263 4 0 0 2 0 0 0 0 0 1 0 0 0
264 6 0 0 2 0 0 1 0 0 1 0 0 0
269 33 1 1 22 0 0 0 0 0 11 3 0 0
270 36 0 0 9 0 0 0 0 0 9 3 0 0
286 63 1 1 0 0 0 0 0 0 9 0 0 0
295 18 0 0 9 0 0 0 0 0 9 0 0 0
298 18 0 0 9 0 0 0 0 0 9 0 0 0
301 9 0 0 0 0 0 0 0 0 0 0 0 0
302 27 1 1 9 0 0 0 0 0 9 3 0 0
330 18 0 0 0 0 0 9 0 0 0 0 0 0
342 8 0 0 2 0 0 0 0 0 2 0 0 0
346 71 0 0 0 0 0 0 0 0 71 35 0 0
347 37 1 1 0 0 0 0 0 0 0 0 0 0
349 34 0 0 0 0 0 0 0 0 0 0 0 0
403 90 1 1 0 0 0 63 1 1 0 0 0 0
405 18 0 0 9 0 0 0 0 0 9 0 0 0
408 27 1 1 9 0 0 0 0 0 9 2 0 0
411 5 1 1 0 0 0 1 0 0 0 0 0 0
419 5 1 1 1 0 0 0 0 0 2 0 0 0
420 8 1 1 3 1 1 0 0 0 2 1 0 0
423 6 1 1 0 0 0 0 0 0 1 0 0 0
424 1 0 0 1 0 0 0 0 0 0 0 0 0
431 1 1 1 0 0 0 1 0 0 0 0 0 0
432 2 0 0 0 0 0 1 0 0 0 0 0 0
477 24 0 0 8 0 0 0 0 0 8 0 0 0
482 27 0 0 9 0 0 0 0 0 9 0 0 0
485 27 0 0 9 0 0 9 0 0 0 0 0 0
500 18 0 0 9 0 0 0 0 0 9 0 0 0
512 27 0 0 9 0 0 9 0 0 0 0 0 0
513 135 1 1 9 0 0 0 0 0 18 2 0 0
514 36 1 1 9 0 0 9 0 0 0 0 0 0
515 9 0 0 0 0 0 9 0 0 0 0 0 0
516 72 0 0 63 0 0 0 0 0 0 0 0 0
fn=_dl_unload_cache
525 3 1 1 0 0 0 1 0 0 0 0 0 0
526 4 0 0 1 1 0 0 0 0 1 1 0 0
528 2 0 0 1 0 0 1 0 0 0 0 0 0
529 1 0 0 0 0 0 1 0 0 0 0 0 0
533 1 0 0 0 0 0 1 1 0 0 0 0 0
535 2 1 1 2 0 0 0 0 0 0 0 0 0
fl=./elf/./elf/dl-call-libc-early-init.c
fn=_dl_call_libc_early_init
27 7 1 1 0 0 0 3 0 0 0 0 0 0
29 2 0 0 0 0 0 0 0 0 1 0 0 0
33 5 0 0 0 0 0 1 0 0 0 0 0 0
37 2 0 0 0 0 0 0 0 0 1 0 0 0
39 4 1 1 3 0 0 0 0 0 1 0 0 0
40 2 0 0 0 0 0 0 0 0 0 0 1 1
41 3 0 0 3 0 0 0 0 0 0 0 0 0
fl=./elf/./elf/dl-call_fini.c
fn=_dl_call_fini
24 96 1 1 0 0 0 48 0 0 0 0 0 0
28 24 0 0 12 0 0 0 0 0 12 0 0 0
32 12 1 1 12 0 0 0 0 0 0 0 0 0
34 12 0 0 12 1 0 0 0 0 0 0 0 0
35 24 0 0 0 0 0 0 0 0 12 2 0 0
38 20 0 0 20 2 0 0 0 0 0 0 0 0
39 30 0 0 20 2 0 0 0 0 0 0 0 0
42 84 0 0 0 0 0 0 0 0 21 1 0 0
43 11 0 0 11 0 0 11 0 0 0 0 11 11
47 12 1 1 12 0 0 0 0 0 0 0 0 0
48 24 0 0 0 0 0 0 0 0 12 2 0 0
49 30 0 0 20 0 0 0 0 0 0 0 10 10
50 62 0 0 50 0 0 0 0 0 0 0 0 0
fl=./elf/./elf/dl-catch.c
fn=_dl_catch_error
254 12 1 1 0 0 0 4 0 0 0 0 0 0
256 2 0 0 0 0 0 1 0 0 0 0 0 0
257 2 0 0 1 0 0 1 0 0 0 0 0 0
258 2 0 0 1 0 0 1 0 0 0 0 0 0
259 2 0 0 1 0 0 1 0 0 0 0 0 0
261 6 1 1 5 0 0 0 0 0 0 0 0 0
fn=_dl_catch_exception
58 63 0 0 21 1 1 0 0 0 21 6 0 0
59 42 1 1 21 0 0 21 0 0 0 0 0 0
69 42 0 0 21 0 0 0 0 0 21 1 0 0
70 105 0 0 21 0 0 42 0 0 0 0 0 0
204 168 1 1 0 0 0 105 2 2 0 0 0 0
207 42 0 0 0 0 0 0 0 0 21 0 0 0
214 21 0 0 0 0 0 0 0 0 0 0 0 0
228 21 1 1 0 0 0 21 2 2 0 0 0 0
229 42 0 0 0 0 0 21 0 0 0 0 0 0
235 126 1 1 0 0 0 21 0 0 21 0 0 0
237 63 0 0 42 0 0 21 0 0 0 0 21 2
239 84 0 0 21 0 0 42 0 0 0 0 0 0
248 63 0 0 63 0 0 0 0 0 0 0 0 0
fn=_dl_receive_error
58 2 1 1 1 0 0 0 0 0 1 0 0 0
59 1 0 0 1 0 0 0 0 0 0 0 0 0
69 2 0 0 1 0 0 0 0 0 1 0 0 0
70 2 0 0 0 0 0 2 0 0 0 0 0 0
186 7 1 1 0 0 0 3 0 0 0 0 0 0
188 1 0 0 1 0 0 0 0 0 0 0 0 0
192 1 0 0 0 0 0 1 0 0 0 0 0 0
194 1 0 0 0 0 0 1 0 0 0 0 1 1
197 1 0 0 0 0 0 1 0 0 0 0 0 0
198 4 0 0 4 0 0 0 0 0 0 0 0 0
fl=./elf/./elf/dl-debug.c
fn=_dl_debug_initialize
56 3 1 1 0 0 0 0 0 0 0 0 0 0
57 1 1 1 0 0 0 0 0 0 0 0 0 0
59 2 0 0 0 0 0 0 0 0 1 0 0 0
61 2 0 0 0 0 0 0 0 0 0 0 0 0
63 3 0 0 1 1 1 0 0 0 1 0 0 0
64 1 0 0 0 0 0 1 0 0 0 0 0 0
85 3 0 0 1 0 0 0 0 0 1 1 0 0
90 3 1 1 1 1 1 1 0 0 0 0 0 0
91 2 0 0 0 0 0 1 0 0 0 0 0 0
92 1 0 0 0 0 0 1 0 0 0 0 0 0
95 3 0 0 2 0 0 0 0 0 1 1 0 0
96 6 1 1 1 0 0 1 0 0 0 0 0 0
99 2 0 0 0 0 0 0 0 0 1 1 0 0
107 2 0 0 1 0 0 0 0 0 0 0 0 0
fn=_dl_debug_state
116 2 1 1 0 0 0 0 0 0 0 0 0 0
117 2 0 0 2 0 0 0 0 0 0 0 0 0
fn=_dl_debug_update
38 11 0 0 0 0 0 0 0 0 0 0 0 0
40 22 0 0 0 0 0 0 0 0 11 7 0 0
41 11 0 0 0 0 0 0 0 0 0 0 0 0
44 22 1 1 11 1 0 0 0 0 11 0 0 0
48 11 0 0 11 0 0 0 0 0 0 0 0 0
fl=./elf/./elf/dl-deps.c
fn=_dl_map_object_deps
128 3 0 0 0 0 0 2 1 1 0 0 0 0
129 5 1 1 0 0 0 2 0 0 0 0 0 0
130 6 0 0 0 0 0 1 0 0 0 0 0 0
132 3 0 0 0 0 0 1 0 0 0 0 0 0
136 8 1 1 2 0 0 2 0 0 0 0 0 0
143 13 1 1 0 0 0 8 1 1 0 0 0 0
144 20 2 2 1 1 1 0 0 0 2 2 0 0
160 9 1 1 0 0 0 0 0 0 2 0 0 0
161 1 0 0 1 0 0 0 0 0 0 0 0 0
164 1 1 1 0 0 0 1 0 0 0 0 0 0
182 1 0 0 1 0 0 0 0 0 0 0 0 0
183 6 0 0 4 0 0 0 0 0 0 0 0 0
184 1 0 0 0 0 0 1 0 0 0 0 0 0
188 25 0 0 12 0 0 1 0 0 0 0 0 0
190 52 1 1 0 0 0 30 0 0 0 0 0 0
193 12 0 0 0 0 0 12 0 0 0 0 0 0
197 36 1 1 12 1 0 0 0 0 12 6 0 0
198 81 1 1 35 0 0 0 0 0 35 2 0 0
201 40 0 0 10 0 0 0 0 0 10 0 0 0
205 20 0 0 10 0 0 0 0 0 0 0 0 0
208 32 0 0 16 1 1 0 0 0 16 4 0 0
210 40 1 1 30 0 0 0 0 0 10 3 0 0
215 10 1 1 0 0 0 10 1 1 0 0 0 0
216 10 0 0 0 0 0 10 0 0 0 0 0 0
217 20 0 0 10 0 0 10 0 0 0 0 0 0
218 20 0 0 10 0 0 10 0 0 0 0 0 0
219 10 0 0 0 0 0 10 0 0 0 0 0 0
221 1174 0 0 316 0 0 0 0 0 286 25 0 0
222 552 0 0 0 0 0 0 0 0 276 11 0 0
228 185 1 1 40 0 0 24 1 1 20 8 0 0
230 20 0 0 0 0 0 20 0 0 0 0 0 0
232 80 1 1 0 0 0 20 0 0 0 0 0 0
233 40 0 0 20 0 0 0 0 0 20 0 0 0
242 20 0 0 20 0 0 0 0 0 0 0 0 0
244 40 1 1 20 0 0 0 0 0 20 5 0 0
249 70 1 1 10 0 0 0 0 0 10 10 0 0
252 10 0 0 0 0 0 10 0 0 0 0 0 0
253 10 0 0 0 0 0 10 0 0 0 0 0 0
254 10 0 0 0 0 0 10 0 0 0 0 0 0
255 20 0 0 10 0 0 10 0 0 0 0 0 0
256 10 0 0 0 0 0 10 0 0 0 0 0 0
257 10 0 0 10 0 0 0 0 0 0 0 0 0
259 40 0 0 10 0 0 10 0 0 0 0 0 0
263 60 0 0 20 0 0 0 0 0 20 4 0 0
264 48 0 0 0 0 0 16 0 0 0 0 0 0
266 768 1 1 0 0 0 0 0 0 256 8 0 0
417 24 1 1 0 0 0 0 0 0 12 2 0 0
419 50 0 0 0 0 0 30 0 0 0 0 0 0
422 20 0 0 0 0 0 0 0 0 0 0 0 0
423 40 1 1 20 0 0 0 0 0 10 0 0 0
429 10 0 0 0 0 0 10 3 3 0 0 0 0
430 50 0 0 0 0 0 20 0 0 0 0 0 0
431 50 0 0 0 0 0 10 0 0 0 0 0 0
434 10 0 0 0 0 0 10 0 0 0 0 0 0
435 20 0 0 20 0 0 0 0 0 0 0 0 0
439 36 1 1 12 0 0 0 0 0 12 5 0 0
441 12 0 0 12 0 0 0 0 0 0 0 0 0
442 57 0 0 11 0 0 0 0 0 23 10 0 0
448 5 1 1 1 0 0 0 0 0 1 0 0 0
449 1 0 0 0 0 0 1 0 0 0 0 0 0
452 4 0 0 1 0 0 1 0 0 1 1 0 0
463 5 1 1 1 0 0 2 0 0 0 0 0 0
465 4 0 0 2 0 0 0 0 0 1 0 0 0
470 5 1 1 2 0 0 1 0 0 0 0 0 0
471 1 0 0 0 0 0 1 0 0 0 0 0 0
472 2 0 0 0 0 0 0 0 0 0 0 0 0
474 40 0 0 12 0 0 0 0 0 13 2 0 0
478 12 1 1 12 1 0 0 0 0 0 0 0 0
483 24 0 0 0 0 0 0 0 0 12 6 0 0
485 36 0 0 0 0 0 12 2 2 0 0 0 0
490 12 0 0 12 0 0 0 0 0 0 0 0 0
494 2 1 1 0 0 0 0 0 0 0 0 0 0
495 3 0 0 1 0 0 0 0 0 1 1 0 0
532 2 1 1 0 0 0 0 0 0 1 0 0 0
533 2 0 0 0 0 0 0 0 0 1 1 0 0
547 9 1 1 2 0 0 3 0 0 0 0 0 0
552 9 1 1 1 0 0 2 0 0 0 0 0 0
553 5 1 1 2 0 0 1 0 0 0 0 0 0
557 1 0 0 0 0 0 1 0 0 0 0 0 0
559 2 0 0 1 0 0 1 0 0 0 0 0 0
560 1 0 0 1 0 0 0 0 0 0 0 0 0
561 3 0 0 1 0 0 0 0 0 1 1 0 0
568 3 1 1 1 0 0 0 0 0 1 1 0 0
571 2 0 0 0 0 0 0 0 0 1 0 0 0
574 8 0 0 7 0 0 0 0 0 0 0 0 0
fn=openaux
61 120 0 0 0 0 0 40 1 1 0 0 0 0
64 220 0 0 80 0 0 40 0 0 0 0 0 0
65 20 0 0 20 0 0 0 0 0 0 0 0 0
68 20 1 1 20 0 0 0 0 0 0 0 0 0
69 60 0 0 60 0 0 0 0 0 0 0 0 0
fl=./elf/./elf/dl-environ.c
fn=_dl_next_ld_env_entry
28 3 1 1 0 0 0 0 0 0 0 0 0 0
29 3 0 0 3 0 0 0 0 0 0 0 0 0
32 199 0 0 67 0 0 0 0 0 66 2 0 0
34 130 0 0 65 0 0 0 0 0 65 18 0 0
35 18 0 0 9 0 0 0 0 0 9 4 0 0
37 2 0 0 0 0 0 0 0 0 0 0 0 0
40 4 0 0 0 0 0 2 0 0 0 0 0 0
42 2 0 0 2 0 0 0 0 0 0 0 0 0
45 63 0 0 0 0 0 0 0 0 0 0 0 0
fl=./elf/./elf/dl-find_object.c
fn=_dl_find_object_init
561 5 1 1 0 0 0 3 0 0 0 0 0 0
564 1 0 0 1 1 0 0 0 0 0 0 0 0
566 2 0 0 1 0 0 0 0 0 1 1 0 0
567 3 1 1 0 0 0 1 0 0 0 0 0 0
579 2 1 1 0 0 0 1 0 0 0 0 0 0
580 3 0 0 1 0 0 1 0 0 0 0 0 0
582 2 0 0 0 0 0 0 0 0 1 0 0 0
585 2 0 0 0 0 0 0 0 0 1 0 0 0
590 1 1 1 0 0 0 1 0 0 0 0 0 0
591 1 0 0 0 0 0 1 0 0 0 0 0 0
594 3 0 0 1 0 0 0 0 0 1 1 0 0
596 2 1 1 0 0 0 1 0 0 0 0 0 0
599 6 1 1 3 0 0 1 0 0 0 0 0 0
601 1 0 0 0 0 0 0 0 0 0 0 0 0
604 4 0 0 4 0 0 0 0 0 0 0 0 0
fn=_dlfo_process_initial
474 8 0 0 0 0 0 4 0 0 0 0 0 0
475 2 0 0 2 0 0 0 0 0 0 0 0 0
477 2 0 0 0 0 0 0 0 0 0 0 0 0
478 4 1 1 2 0 0 0 0 0 2 0 0 0
504 24 1 1 4 1 0 0 0 0 4 1 0 0
505 54 0 0 2 0 0 0 0 0 26 4 0 0
506 24 0 0 24 2 0 0 0 0 0 0 0 0
508 92 1 1 22 0 0 0 0 0 46 2 0 0
511 88 0 0 22 0 0 0 0 0 22 4 0 0
513 66 1 1 22 1 1 0 0 0 22 3 0 0
515 22 0 0 0 0 0 11 0 0 0 0 0 0
516 22 0 0 0 0 0 0 0 0 0 0 0 0
517 44 0 0 0 0 0 0 0 0 0 0 0 0
529 2 0 0 0 0 0 2 0 0 0 0 0 0
531 8 0 0 6 0 0 0 0 0 0 0 0 0
fn=_dlfo_sort_mappings
536 1 1 1 0 0 0 0 0 0 0 0 0 0
537 2 0 0 0 0 0 0 0 0 1 0 0 0
540 44 1 1 10 0 0 0 0 0 10 4 0 0
544 20 0 0 10 0 0 0 0 0 0 0 0 0
545 215 1 1 0 0 0 0 0 0 65 31 0 0
546 275 0 0 55 0 0 0 0 0 55 34 0 0
548 6 0 0 0 0 0 0 0 0 0 0 0 0
549 6 0 0 0 0 0 0 0 0 0 0 0 0
553 40 0 0 20 0 0 0 0 0 0 0 0 0
554 50 0 0 20 0 0 20 0 0 0 0 0 0
555 20 0 0 0 0 0 20 0 0 0 0 0 0
557 1 0 0 1 0 0 0 0 0 0 0 0 0
fl=./elf/./elf/dl-fini.c
fn=_dl_fini
26 11 1 1 0 0 0 7 0 0 0 0 0 0
43 1 0 0 0 0 0 0 0 0 0 0 0 0
46 13 1 1 1 0 0 0 0 0 2 1 0 0
49 2 0 0 1 0 0 1 0 0 0 0 1 1
51 1 1 1 1 0 0 0 0 0 0 0 0 0
54 2 0 0 0 0 0 0 0 0 1 0 0 0
56 5 0 0 2 0 0 0 0 0 1 0 0 0
61 1 0 0 0 0 0 1 0 0 0 0 0 0
63 4 0 0 0 0 0 2 0 0 0 0 0 0
68 18 3 3 2 0 0 0 0 0 2 2 0 0
73 40 0 0 13 0 0 0 0 0 13 4 0 0
75 24 0 0 12 0 0 0 0 0 12 0 0 0
77 24 0 0 0 0 0 0 0 0 12 0 0 0
79 24 0 0 0 0 0 12 0 0 0 0 0 0
80 12 0 0 0 0 0 12 6 0 0 0 0 0
81 12 0 0 0 0 0 0 0 0 0 0 0 0
85 12 1 1 12 0 0 0 0 0 0 0 0 0
87 6 0 0 0 0 0 0 0 0 1 0 0 0
88 6 0 0 0 0 0 0 0 0 1 1 0 0
94 6 1 1 0 0 0 2 0 0 0 0 0 0
103 2 0 0 1 0 0 1 0 0 0 0 1 1
108 66 1 1 25 0 0 0 0 0 13 3 0 0
110 12 0 0 12 0 0 0 0 0 0 0 0 0
112 24 0 0 12 0 0 0 0 0 12 4 0 0
114 48 1 1 0 0 0 36 0 0 0 0 0 0
117 24 0 0 0 0 0 12 0 0 0 0 0 0
122 12 0 0 12 0 0 0 0 0 0 0 0 0
126 5 0 0 1 0 0 1 0 0 0 0 0 0
132 6 0 0 2 0 0 1 0 0 2 1 0 0
134 1 0 0 0 0 0 0 0 0 0 0 0 0
138 2 0 0 1 0 0 0 0 0 1 0 0 0
145 8 0 0 7 0 0 0 0 0 0 0 0 0
fl=./elf/./elf/dl-hwcaps.c
fn=_dl_important_hwcaps
52 16 1 1 0 0 0 4 0 0 4 2 0 0
54 2 0 0 0 0 0 0 0 0 0 0 0 0
55 4 0 0 2 0 0 0 0 0 0 0 0 0
56 2 0 0 0 0 0 0 0 0 0 0 0 0
57 2 0 0 0 0 0 0 0 0 0 0 0 0
77 16 2 2 0 0 0 4 0 0 4 2 0 0
80 16 0 0 4 0 0 6 1 1 0 0 0 0
84 2 0 0 0 0 0 2 0 0 0 0 0 0
86 6 0 0 2 0 0 2 0 0 0 0 0 0
87 2 0 0 0 0 0 0 0 0 0 0 0 0
88 2 0 0 0 0 0 0 0 0 0 0 0 0
100 5 0 0 0 0 0 3 1 1 0 0 0 0
102 3 1 1 1 0 0 0 0 0 1 0 0 0
105 1 0 0 0 0 0 1 0 0 0 0 0 0
108 1 0 0 0 0 0 0 0 0 0 0 0 0
112 5 1 1 0 0 0 2 0 0 1 0 0 0
125 12 0 0 0 0 0 3 0 0 3 2 0 0
127 10 0 0 4 0 0 2 1 1 0 0 0 0
128 4 0 0 2 0 0 2 0 0 0 0 0 0
129 4 0 0 0 0 0 2 0 0 0 0 0 0
130 2 0 0 0 0 0 0 0 0 0 0 0 0
133 3 1 1 1 0 0 0 0 0 1 0 0 0
142 13 0 0 7 0 0 1 0 0 2 0 0 0
143 11 0 0 0 0 0 1 0 0 1 1 0 0
145 8 1 1 1 0 0 5 0 0 0 0 0 0
151 5 1 1 2 0 0 0 0 0 0 0 0 0
155 4 1 1 2 0 0 1 0 0 0 0 0 0
156 3 0 0 1 0 0 0 0 0 1 1 0 0
157 3 0 0 0 0 0 0 0 0 1 0 0 0
161 1 0 0 1 0 0 0 0 0 0 0 0 0
162 2 0 0 1 0 0 1 0 0 0 0 0 0
163 2 0 0 0 0 0 2 0 0 0 0 0 0
172 14 2 2 0 0 0 9 2 2 0 0 0 0
174 2 0 0 0 0 0 2 1 1 0 0 0 0
175 3 0 0 0 0 0 0 0 0 0 0 0 0
185 2 1 1 0 0 0 1 0 0 0 0 0 0
186 3 0 0 0 0 0 0 0 0 0 0 0 0
189 3 0 0 1 0 0 1 1 1 0 0 0 0
193 2 0 0 1 0 0 0 0 0 0 0 0 0
194 2 0 0 0 0 0 0 0 0 1 0 0 0
201 1 0 0 0 0 0 0 0 0 0 0 0 0
202 5 0 0 2 0 0 1 0 0 0 0 0 0
208 2 0 0 1 0 0 1 0 0 0 0 0 0
209 1 0 0 0 0 0 1 0 0 0 0 0 0
213 3 1 1 2 0 0 1 0 0 0 0 0 0
216 9 0 0 7 0 0 0 0 0 0 0 0 0
fl=./elf/./elf/dl-hwcaps_split.c
fn=_dl_hwcaps_split
25 5 1 1 0 0 0 3 0 0 0 0 0 0
26 3 0 0 1 0 0 0 0 0 1 1 0 0
27 1 0 0 0 0 0 0 0 0 0 0 0 0
47 4 1 1 4 0 0 0 0 0 0 0 0 0
fn=_dl_hwcaps_split_masked
26 44 1 1 11 0 0 0 0 0 11 9 0 0
30 24 1 1 12 0 0 12 0 0 0 0 0 0
34 78 1 1 18 1 1 0 0 0 18 6 0 0
35 12 0 0 0 0 0 6 0 0 0 0 0 0
36 24 0 0 0 0 0 0 0 0 12 3 0 0
41 36 0 0 0 0 0 9 1 1 0 0 0 0
42 18 0 0 0 0 0 0 0 0 9 2 0 0
43 12 1 1 0 0 0 3 0 0 0 0 0 0
45 6 0 0 0 0 0 0 0 0 0 0 0 0
51 110 1 1 0 0 0 66 0 0 0 0 0 0
55 5 0 0 0 0 0 0 0 0 0 0 0 0
56 18 0 0 9 0 0 9 0 0 0 0 0 0
57 27 0 0 0 0 0 9 0 0 0 0 0 0
58 24 0 0 6 0 0 0 0 0 9 3 0 0
60 6 0 0 0 0 0 0 0 0 0 0 0 0
62 88 1 1 77 0 0 0 0 0 0 0 0 0
67 12 0 0 0 0 0 0 0 0 6 4 0 0
fl=./elf/./elf/dl-init.c
fn=_dl_init
29 26 1 1 13 0 0 0 0 0 13 1 0 0
35 65 1 1 13 0 0 0 0 0 13 0 0 0
37 66 1 1 1 0 0 2 0 0 13 2 0 0
81 13 1 1 0 0 0 6 0 0 0 0 0 0
82 1 0 0 1 1 0 0 0 0 0 0 0 0
83 1 0 0 1 0 0 0 0 0 0 0 0 0
86 3 0 0 1 0 0 0 0 0 1 1 0 0
89 2 0 0 0 0 0 1 0 0 0 0 0 0
94 4 1 1 0 0 0 0 0 0 1 0 0 0
119 1 0 0 1 0 0 0 0 0 0 0 0 0
120 52 0 0 0 0 0 11 0 0 13 4 0 0
121 24 0 0 24 2 0 0 0 0 0 0 0 0
127 8 0 0 7 0 0 0 0 0 0 0 0 0
fn=call_init.part.0
26 144 2 2 0 0 0 72 1 0 0 0 0 0
43 36 0 0 12 0 0 12 0 0 0 0 0 0
46 36 0 0 24 11 0 0 0 0 12 2 0 0
47 2 1 1 0 0 0 0 0 0 1 1 0 0
51 22 0 0 11 0 0 0 0 0 11 0 0 0
59 33 1 1 11 9 0 0 0 0 11 1 0 0
60 54 0 0 18 9 0 9 0 0 0 0 9 9
63 11 0 0 11 10 0 0 0 0 0 0 0 0
64 22 0 0 0 0 0 0 0 0 11 1 0 0
70 30 0 0 20 8 0 0 0 0 0 0 0 0
72 20 0 0 20 0 0 0 0 0 0 0 0 0
73 98 1 1 0 0 0 0 0 0 22 2 0 0
74 48 0 0 12 8 0 12 0 0 0 0 12 12
76 96 0 0 84 0 0 0 0 0 0 0 0 0
fl=./elf/./elf/dl-load.c
fn=_dl_dst_count
238 180 1 1 0 0 0 120 0 0 0 0 0 0
241 40 0 0 0 0 0 20 1 1 0 0 0 0
244 40 0 0 0 0 0 0 0 0 20 0 0 0
245 20 0 0 0 0 0 0 0 0 0 0 0 0
264 180 1 1 140 0 0 0 0 0 0 0 0 0
fn=_dl_init_paths
706 13 2 2 0 0 0 8 0 0 0 0 0 0
720 4 0 0 0 0 0 2 1 1 0 0 0 0
725 1 0 0 0 0 0 1 0 0 0 0 0 0
727 3 1 1 0 0 0 0 0 0 1 0 0 0
734 3 0 0 0 0 0 0 0 0 0 0 0 0
735 2 0 0 1 0 0 0 0 0 0 0 0 0
739 4 0 0 0 0 0 1 1 1 0 0 0 0
741 4 1 1 2 0 0 0 0 0 1 0 0 0
747 1 0 0 0 0 0 1 0 0 0 0 0 0
748 1 0 0 0 0 0 1 0 0 0 0 0 0
756 8 1 1 0 0 0 4 0 0 0 0 0 0
758 8 0 0 0 0 0 4 2 2 0 0 0 0
759 4 0 0 0 0 0 4 0 0 0 0 0 0
761 5 0 0 0 0 0 4 1 1 0 0 0 0
762 7 0 0 3 1 1 4 1 1 0 0 0 0
763 4 0 0 0 0 0 0 0 0 0 0 0 0
766 13 0 0 3 1 1 0 0 0 3 0 0 0
767 10 1 1 1 0 0 1 0 0 4 3 0 0
768 18 0 0 4 0 0 5 0 0 0 0 0 0
770 32 2 2 6 0 0 5 0 0 4 1 0 0
776 1 0 0 0 0 0 1 0 0 0 0 0 0
777 1 0 0 0 0 0 1 0 0 0 0 0 0
782 1 0 0 1 0 0 0 0 0 0 0 0 0
785 3 0 0 0 0 0 0 0 0 0 0 0 0
787 4 1 1 1 0 0 0 0 0 1 0 0 0
789 3 0 0 1 0 0 0 0 0 1 1 0 0
806 1 0 0 0 0 0 1 0 0 0 0 0 0
808 3 1 1 1 0 0 0 0 0 1 1 0 0
822 2 1 1 0 0 0 1 0 0 0 0 0 0
825 5 1 1 2 0 0 0 0 0 2 1 0 0
827 23 4 4 2 0 0 2 0 0 2 2 0 0
831 2 0 0 0 0 0 0 0 0 0 0 0 0
832 60 1 1 15 0 0 0 0 0 15 10 0 0
833 14 0 0 0 0 0 0 0 0 0 0 0 0
834 28 0 0 0 0 0 0 0 0 0 0 0 0
836 1 0 0 0 0 0 1 0 0 0 0 0 0
837 1 0 0 0 0 0 0 0 0 0 0 0 0
838 2 0 0 0 0 0 0 0 0 1 0 0 0
844 6 0 0 1 0 0 1 0 0 0 0 0 0
847 3 0 0 2 0 0 0 0 0 1 0 0 0
853 1 0 0 0 0 0 1 0 0 0 0 0 0
857 8 0 0 7 0 0 0 0 0 0 0 0 0
fn=_dl_map_object
682 126 3 3 39 0 0 0 0 0 39 24 0 0
685 16 0 0 0 0 0 0 0 0 8 0 0 0
688 24 1 1 8 0 0 0 0 0 8 4 0 0
691 8 0 0 0 0 0 8 0 0 0 0 0 0
692 4 0 0 0 0 0 0 0 0 0 0 0 0
696 45 1 1 0 0 0 27 0 0 0 0 0 0
1967 252 2 2 0 0 0 189 5 5 0 0 0 0
1969 10 0 0 0 0 0 10 0 0 0 0 0 0
1975 42 0 0 0 0 0 0 0 0 21 0 0 0
1976 84 0 0 21 1 1 0 0 0 21 0 0 0
1979 588 1 1 140 0 0 42 0 0 140 10 0 0
1984 910 1 1 260 0 0 0 0 0 130 0 0 0
1986 650 0 0 0 0 0 130 2 2 130 6 0 0
1990 238 0 0 119 0 0 0 0 0 119 0 0 0
1991 357 0 0 119 0 0 0 0 0 119 39 0 0
1994 400 0 0 240 0 0 0 0 0 80 6 0 0
1995 240 1 1 80 0 0 0 0 0 0 0 0 0
1996 400 0 0 0 0 0 80 0 0 80 14 0 0
2010 40 1 1 10 0 0 0 0 0 10 0 0 0
2011 30 0 0 10 0 0 10 0 0 0 0 0 0
2019 30 0 0 10 0 0 0 0 0 10 0 0 0
2034 10 0 0 0 0 0 10 1 1 0 0 0 0
2036 50 0 0 0 0 0 10 0 0 10 4 0 0
2040 36 2 2 0 0 0 18 0 0 0 0 0 0
2042 18 0 0 9 0 0 0 0 0 9 0 0 0
2049 36 0 0 9 0 0 0 0 0 18 2 0 0
2053 9 1 1 9 0 0 0 0 0 0 0 0 0
2054 9 0 0 0 0 0 9 0 0 0 0 0 0
2058 63 1 1 21 0 0 0 0 0 21 9 0 0
2059 21 0 0 0 0 0 0 0 0 0 0 0 0
2073 45 2 2 36 0 0 0 0 0 9 0 0 0
2074 63 2 2 18 0 0 0 0 0 18 5 0 0
2075 9 0 0 0 0 0 0 0 0 0 0 0 0
2084 18 1 1 0 0 0 0 0 0 9 4 0 0
2099 18 1 1 9 0 0 0 0 0 9 0 0 0
2100 144 1 1 18 0 0 36 0 0 9 2 0 0
2106 27 1 1 0 0 0 0 0 0 9 2 0 0
2107 9 0 0 0 0 0 0 0 0 0 0 0 0
2115 9 1 1 0 0 0 9 0 0 0 0 0 0
2129 18 1 1 9 0 0 0 0 0 9 2 0 0
2131 27 0 0 9 0 0 0 0 0 9 7 0 0
2135 27 1 1 0 0 0 9 0 0 0 0 0 0
2137 18 0 0 0 0 0 0 0 0 9 0 0 0
2141 18 0 0 0 0 0 0 0 0 9 1 0 0
2149 18 0 0 9 0 0 0 0 0 9 0 0 0
2172 81 1 1 0 0 0 18 0 0 0 0 0 0
2176 27 0 0 9 0 0 0 0 0 9 0 0 0
2177 9 0 0 0 0 0 9 0 0 0 0 0 0
2194 18 0 0 9 0 0 0 0 0 9 3 0 0
2200 1 0 0 0 0 0 1 0 0 0 0 0 0
2201 4 0 0 0 0 0 1 0 0 0 0 0 0
2202 2 1 1 0 0 0 0 0 0 1 0 0 0
2203 2 0 0 0 0 0 0 0 0 1 0 0 0
2207 9 1 1 0 0 0 2 0 0 0 0 0 0
2210 3 0 0 1 0 0 0 0 0 1 0 0 0
2222 40 0 0 10 0 0 0 0 0 0 0 0 0
2267 20 0 0 10 0 0 10 0 0 0 0 0 0
2268 178 1 1 39 0 0 50 0 0 0 0 0 0
2270 199 1 1 157 0 0 0 0 0 0 0 0 0
fn=_dl_map_object_from_fd
944 140 2 2 0 0 0 100 2 2 0 0 0 0
959 40 0 0 10 0 0 10 0 0 10 4 0 0
989 265 1 1 85 0 0 0 0 0 75 14 0 0
990 130 1 1 65 0 0 0 0 0 65 0 0 0
1008 20 1 1 10 0 0 0 0 0 10 3 0 0
1036 40 1 1 10 0 0 10 0 0 10 0 0 0
1046 20 0 0 10 0 0 0 0 0 10 0 0 0
1053 80 1 1 50 0 0 10 0 0 0 0 0 0
1054 20 0 0 0 0 0 0 0 0 10 0 0 0
1065 20 0 0 10 0 0 10 7 7 0 0 0 0
1066 30 0 0 10 0 0 10 0 0 0 0 0 0
1067 20 0 0 10 0 0 10 0 0 0 0 0 0
1069 30 0 0 0 0 0 0 0 0 0 0 0 0
1070 40 1 1 20 0 0 0 0 0 10 1 0 0
1071 18 0 0 0 0 0 9 0 0 0 0 0 0
1074 17 2 2 1 0 0 1 0 0 2 2 0 0
1075 6 0 0 1 0 0 1 1 1 1 1 0 0
1086 10 0 0 0 0 0 10 0 0 0 0 0 0
1088 10 0 0 0 0 0 10 0 0 0 0 0 0
1090 220 2 2 20 0 0 10 0 0 20 3 0 0
1091 10 0 0 0 0 0 0 0 0 0 0 0 0
1092 10 0 0 0 0 0 10 0 0 0 0 0 0
1093 10 0 0 0 0 0 10 0 0 0 0 0 0
1094 10 0 0 0 0 0 0 0 0 0 0 0 0
1100 399 0 0 20 0 0 0 0 0 123 0 0 0
1101 981 3 3 113 10 10 0 0 0 490 93 0 0
1107 20 1 1 10 0 0 0 0 0 10 0 0 0
1114 21 0 0 11 0 0 10 0 0 0 0 0 0
1115 30 0 0 10 1 1 10 0 0 0 0 0 0
1116 100 1 1 20 0 0 10 0 0 0 0 0 0
1121 2 0 0 1 1 1 1 0 0 0 0 0 0
1122 1 0 0 0 0 0 0 0 0 0 0 0 0
1127 310 0 0 130 2 2 10 0 0 40 0 0 0
1135 200 1 1 40 0 0 0 0 0 0 0 0 0
1136 260 1 1 0 0 0 40 4 4 0 0 0 0
1137 200 1 1 40 4 4 40 0 0 0 0 0 0
1138 40 0 0 0 0 0 40 0 0 0 0 0 0
1139 80 0 0 40 1 1 40 4 4 0 0 0 0
1141 280 0 0 40 1 1 0 0 0 0 0 0 0
1143 80 0 0 0 0 0 40 1 1 0 0 0 0
1156 80 0 0 0 0 0 0 0 0 40 10 0 0
1157 150 0 0 60 0 0 30 0 0 0 0 0 0
1162 40 0 0 0 0 0 0 0 0 0 0 0 0
1163 410 0 0 80 0 0 80 1 1 0 0 0 0
1176 3 1 1 1 0 0 0 0 0 1 0 0 0
1180 4 0 0 0 0 0 1 1 1 0 0 0 0
1181 1 0 0 1 0 0 0 0 0 0 0 0 0
1185 5 0 0 0 0 0 1 1 1 0 0 0 0
1186 2 1 1 1 0 0 1 0 0 0 0 0 0
1189 1 0 0 0 0 0 1 0 0 0 0 0 0
1194 4 0 0 1 0 0 0 0 0 1 1 0 0
1209 20 1 1 10 0 0 10 0 0 0 0 0 0
1210 10 0 0 0 0 0 0 0 0 0 0 0 0
1213 30 0 0 20 2 2 10 6 6 0 0 0 0
1218 70 1 1 50 0 0 0 0 0 10 0 0 0
1228 190 1 1 0 0 0 0 0 0 40 14 0 0
1229 80 0 0 0 0 0 40 0 0 0 0 0 0
1235 20 0 0 0 0 0 0 0 0 10 0 0 0
1245 40 0 0 20 0 0 0 0 0 20 0 0 0
1252 70 1 1 30 0 0 10 0 0 0 0 0 0
1264 10 1 1 0 0 0 0 0 0 0 0 0 0
1268 40 1 1 20 0 0 0 0 0 10 0 0 0
1269 30 0 0 10 0 0 10 0 0 0 0 0 0
1275 30 1 1 5 0 0 0 0 0 0 0 0 0
1276 20 1 1 0 0 0 0 0 0 10 5 0 0
1278 20 0 0 0 0 0 0 0 0 10 5 0 0
1288 30 0 0 10 0 0 0 0 0 10 0 0 0
1307 30 0 0 10 0 0 10 0 0 0 0 0 0
1309 60 1 1 20 0 0 0 0 0 10 0 0 0
1361 30 0 0 10 9 9 0 0 0 10 4 0 0
1362 2 0 0 1 0 0 1 0 0 0 0 0 0
1368 326 1 1 30 0 0 0 0 0 123 10 0 0
1369 525 1 1 113 93 93 0 0 0 206 38 0 0
1375 153 0 0 0 0 0 10 0 0 0 0 0 0
1380 40 1 1 10 0 0 10 0 0 10 0 0 0
1393 20 1 1 10 0 0 0 0 0 10 0 0 0
1395 40 0 0 20 0 0 10 0 0 0 0 0 0
1397 20 0 0 10 0 0 0 0 0 10 0 0 0
1413 20 0 0 0 0 0 10 0 0 0 0 0 0
1417 20 0 0 10 0 0 0 0 0 10 0 0 0
1418 20 1 1 10 0 0 0 0 0 10 10 0 0
1435 20 0 0 10 0 0 0 0 0 10 2 0 0
1436 1 0 0 0 0 0 1 0 0 0 0 0 0
1439 20 0 0 10 0 0 10 0 0 0 0 0 0
1444 20 0 0 10 0 0 0 0 0 10 0 0 0
1449 20 0 0 10 0 0 0 0 0 10 0 0 0
1461 80 1 1 30 0 0 0 0 0 10 4 0 0
1462 15 1 1 5 0 0 0 0 0 5 1 0 0
1463 36 0 0 12 0 0 4 0 0 8 3 0 0
1464 12 0 0 4 0 0 0 0 0 0 0 0 0
1465 5 0 0 1 0 0 1 0 0 0 0 0 0
1471 20 0 0 10 0 0 0 0 0 10 6 0 0
1472 4 0 0 1 0 0 0 0 0 1 1 0 0
1477 2 0 0 0 0 0 1 0 0 0 0 0 0
1484 30 1 1 10 0 0 10 0 0 0 0 0 0
1487 20 0 0 10 0 0 0 0 0 10 0 0 0
1491 30 0 0 10 0 0 10 0 0 0 0 0 0
1492 30 0 0 10 0 0 0 0 0 10 4 0 0
1510 20 1 1 0 0 0 0 0 0 10 3 0 0
1514 70 1 1 30 0 0 0 0 0 10 0 0 0
1515 40 1 1 10 0 0 10 0 0 0 0 0 0
1519 90 1 1 70 0 0 0 0 0 0 0 0 0
fn=_dl_process_pt_gnu_property
868 33 1 1 0 0 0 0 0 0 0 0 0 0
869 22 0 0 22 0 0 0 0 0 0 0 0 0
870 11 0 0 11 0 0 0 0 0 0 0 0 0
876 22 0 0 11 0 0 0 0 0 11 0 0 0
882 55 0 0 0 0 0 0 0 0 11 0 0 0
885 33 1 1 11 10 10 0 0 0 11 0 0 0
886 22 0 0 11 1 1 0 0 0 11 0 0 0
887 22 0 0 11 0 0 0 0 0 11 0 0 0
890 33 0 0 11 0 0 0 0 0 11 0 0 0
891 33 1 1 0 0 0 0 0 0 11 0 0 0
895 11 0 0 0 0 0 0 0 0 0 0 0 0
896 22 0 0 0 0 0 0 0 0 0 0 0 0
900 28 1 1 14 0 0 0 0 0 0 0 0 0
901 14 0 0 14 0 0 0 0 0 0 0 0 0
904 28 0 0 0 0 0 0 0 0 14 0 0 0
907 14 0 0 0 0 0 0 0 0 0 0 0 0
908 56 0 0 0 0 0 0 0 0 14 0 0 0
918 33 0 0 0 0 0 0 0 0 0 0 0 0
920 44 0 0 0 0 0 0 0 0 11 5 0 0
fn=expand_dynamic_string_token
241 6 0 0 0 0 0 2 1 1 0 0 0 0
244 4 0 0 0 0 0 0 0 0 2 1 0 0
385 20 1 1 0 0 0 12 0 0 0 0 0 0
399 4 0 0 0 0 0 0 0 0 0 0 0 0
410 14 1 1 12 0 0 0 0 0 0 0 0 0
fn=fillin_rpath.isra.0
468 17 2 2 0 0 0 12 0 0 0 0 0 0
472 1 0 0 0 0 0 0 0 0 0 0 0 0
474 12 1 1 4 0 0 2 0 0 2 1 0 0
481 2 0 0 1 0 0 0 0 0 1 0 0 0
483 6 0 0 1 0 0 2 0 0 0 0 0 0
487 2 0 0 0 0 0 0 0 0 1 0 0 0
492 3 0 0 0 0 0 1 0 0 0 0 0 0
493 2 0 0 0 0 0 0 0 0 1 1 0 0
500 5 1 1 1 0 0 0 0 0 2 2 0 0
505 2 1 1 0 0 0 1 0 0 0 0 0 0
509 15 0 0 5 0 0 0 0 0 5 2 0 0
510 8 1 1 4 0 0 0 0 0 4 4 0 0
528 4 1 1 1 0 0 1 0 0 1 1 0 0
532 4 0 0 2 0 0 0 0 0 0 0 0 0
534 2 1 1 0 0 0 0 0 0 1 0 0 0
538 1 0 0 0 0 0 1 0 0 0 0 0 0
539 2 0 0 1 0 0 0 0 0 0 0 0 0
540 4 0 0 0 0 0 2 0 0 0 0 0 0
541 1 0 0 0 0 0 1 0 0 0 0 0 0
543 2 0 0 1 0 0 0 0 0 1 1 0 0
549 4 0 0 1 0 0 0 0 0 0 0 0 0
550 14 1 1 1 0 0 0 0 0 4 1 0 0
551 4 1 1 0 0 0 3 0 0 0 0 0 0
553 2 0 0 1 0 0 1 0 0 0 0 0 0
554 3 1 1 1 0 0 0 0 0 1 1 0 0
555 1 0 0 0 0 0 1 0 0 0 0 0 0
561 2 0 0 1 0 0 1 0 0 0 0 0 0
562 1 0 0 0 0 0 1 0 0 0 0 0 0
565 3 0 0 0 0 0 1 0 0 0 0 0 0
571 1 0 0 0 0 0 1 0 0 0 0 0 0
574 8 0 0 7 0 0 0 0 0 0 0 0 0
fn=open_path
1812 99 2 2 0 0 0 81 2 2 0 0 0 0
1813 18 0 0 9 0 0 9 0 0 0 0 0 0
1816 9 0 0 0 0 0 9 0 0 0 0 0 0
1817 9 0 0 0 0 0 9 0 0 0 0 0 0
1819 18 0 0 0 0 0 0 0 0 9 0 0 0
1822 18 0 0 0 0 0 0 0 0 0 0 0 0
1824 198 2 2 27 1 1 18 0 0 18 4 0 0
1827 18 0 0 18 0 0 0 0 0 0 0 0 0
1831 9 0 0 0 0 0 0 0 0 0 0 0 0
1835 54 0 0 9 0 0 9 0 0 9 0 0 0
1842 54 1 1 27 0 0 18 1 1 0 0 0 0
1843 198 1 1 54 0 0 18 0 0 45 3 0 0
1846 54 0 0 27 0 0 0 0 0 27 4 0 0
1851 121 1 1 66 0 0 22 0 0 0 0 0 0
1854 22 0 0 0 0 0 0 0 0 0 0 0 0
1860 33 0 0 11 0 0 0 0 0 11 0 0 0
1863 88 1 1 33 0 0 11 0 0 0 0 0 0
1865 33 0 0 11 0 0 0 0 0 11 2 0 0
1867 6 0 0 0 0 0 0 0 0 3 2 0 0
1872 6 1 1 0 0 0 0 0 0 3 0 0 0
1873 21 0 0 9 0 0 0 0 0 3 2 0 0
1879 9 1 1 3 0 0 3 0 0 0 0 0 0
1881 36 0 0 3 0 0 12 0 0 3 2 0 0
1882 2 0 0 1 1 1 0 0 0 0 0 0 0
1884 3 0 0 0 0 0 0 0 0 0 0 0 0
1891 78 3 3 18 0 0 22 0 0 0 0 0 0
1893 28 0 0 9 0 0 0 0 0 8 1 0 0
1937 72 1 1 18 0 0 9 1 1 27 0 0 0
1941 9 0 0 9 0 0 0 0 0 0 0 0 0
1943 36 0 0 27 0 0 0 0 0 9 0 0 0
1946 27 0 0 18 0 0 0 0 0 9 0 0 0
1960 81 1 1 63 0 0 0 0 0 0 0 0 0
fn=open_verify.constprop.0
1572 252 1 1 0 0 0 168 1 1 0 0 0 0
1604 63 0 0 21 0 0 0 0 0 21 0 0 0
1609 22 1 1 0 0 0 0 0 0 0 0 0 0
1623 105 0 0 0 0 0 21 0 0 0 0 0 0
1625 42 1 1 0 0 0 0 0 0 21 2 0 0
1633 10 0 0 0 0 0 10 0 0 0 0 0 0
1634 30 0 0 0 0 0 10 0 0 0 0 0 0
1639 60 0 0 0 0 0 10 0 0 0 0 0 0
1641 20 1 1 0 0 0 0 0 0 10 1 0 0
1643 20 0 0 10 0 0 10 0 0 0 0 0 0
1645 20 0 0 0 0 0 0 0 0 10 0 0 0
1651 20 0 0 0 0 0 0 0 0 10 0 0 0
1668 136 4 4 42 1 1 0 0 0 42 9 0 0
1749 20 0 0 10 0 0 0 0 0 10 2 0 0
1754 20 1 1 10 0 0 0 0 0 10 0 0 0
1760 40 0 0 10 0 0 0 0 0 10 2 0 0
1766 20 0 0 10 1 1 0 0 0 10 0 0 0
1772 40 0 0 10 0 0 0 0 0 0 0 0 0
1773 40 1 1 10 0 0 0 0 0 10 1 0 0
1777 16 3 3 1 0 0 0 0 0 2 2 0 0
1778 5 0 0 0 0 0 1 0 0 1 1 0 0
1799 189 0 0 147 0 0 0 0 0 0 0 0 0
fl=./elf/./elf/dl-lookup-direct.c
fn=_dl_lookup_direct
32 15 0 0 9 0 0 0 0 0 3 3 0 0
33 9 1 1 0 0 0 0 0 0 0 0 0 0
35 6 0 0 3 3 1 0 0 0 0 0 0 0
36 6 0 0 3 0 0 0 0 0 3 0 0 0
48 9 0 0 3 0 0 3 0 0 3 0 0 0
51 6 0 0 6 0 0 0 0 0 0 0 0 0
53 21 1 1 6 0 0 6 0 0 3 0 0 0
57 9 0 0 9 2 0 0 0 0 0 0 0 0
58 21 0 0 9 1 0 0 0 0 3 0 0 0
59 15 0 0 6 0 0 3 0 0 3 0 0 0
74 39 2 2 0 0 0 27 0 0 0 0 0 0
76 6 0 0 3 0 0 0 0 0 3 1 0 0
78 21 0 0 9 2 0 0 0 0 0 0 0 0
79 6 0 0 0 0 0 0 0 0 3 1 0 0
81 12 1 1 3 0 0 3 0 0 0 0 0 0
84 25 0 0 5 3 0 0 0 0 5 2 0 0
86 12 0 0 3 0 0 0 0 0 0 0 0 0
93 6 2 2 0 0 0 0 0 0 2 2 0 0
115 3 0 0 0 0 0 0 0 0 0 0 0 0
116 27 0 0 21 0 0 0 0 0 0 0 0 0
fl=./elf/./elf/dl-lookup.c
fn=_dl_lookup_symbol_x
772 5148 2 2 0 0 0 3564 7 2 0 0 0 0
774 792 0 0 0 0 0 396 0 0 0 0 0 0
775 1584 0 0 0 0 0 396 0 0 0 0 0 0
778 396 0 0 396 0 0 0 0 0 0 0 0 0
782 1324 0 0 266 0 0 0 0 0 662 40 0 0
785 792 1 1 396 0 0 0 0 0 396 0 0 0
787 792 0 0 792 6 0 0 0 0 0 0 0 0
791 5699 0 0 31 0 0 1188 0 0 427 4 0 0
792 6732 2 2 2772 0 0 2772 3 1 396 4 0 0
797 1980 0 0 792 0 0 0 0 0 396 4 0 0
799 186 1 1 31 0 0 0 0 0 62 4 0 0
816 396 0 0 0 0 0 396 0 0 0 0 0 0
817 93 1 1 0 0 0 0 0 0 0 0 0 0
820 792 0 0 396 0 0 0 0 0 0 0 0 0
821 2539 0 0 361 0 0 0 0 0 726 322 0 0
828 489 1 1 365 0 0 0 0 0 0 0 0 0
856 1460 1 1 365 0 0 0 0 0 365 0 0 0
870 1095 0 0 365 10 1 0 0 0 365 1 0 0
871 2 1 1 0 0 0 1 0 0 0 0 0 0
873 730 0 0 365 0 0 0 0 0 365 0 0 0
890 1460 0 0 365 0 0 0 0 0 0 0 0 0
892 3564 1 1 2772 0 0 0 0 0 0 0 0 0
fn=check_match
70 5790 1 1 772 217 179 2316 3 1 0 0 0 0
73 3088 1 1 772 40 35 0 0 0 396 12 0 0
78 42 0 0 0 0 0 0 0 0 0 0 0 0
86 1880 0 0 0 0 0 0 0 0 376 0 0 0
89 2270 0 0 506 0 0 253 0 0 629 31 0 0
93 376 1 1 376 3 0 0 0 0 0 0 0 0
94 752 0 0 0 0 0 0 0 0 376 43 0 0
96 554 0 0 0 0 0 0 0 0 277 0 0 0
115 554 0 0 554 103 52 0 0 0 0 0 0 0
116 2216 1 1 831 20 0 0 0 0 277 23 0 0
117 1330 2 2 532 1 0 266 0 0 266 9 0 0
118 22 0 0 11 0 0 0 0 0 0 0 0 0
119 22 0 0 0 0 0 0 0 0 11 6 0 0
144 198 0 0 0 0 0 0 0 0 99 0 0 0
146 594 0 0 198 12 6 0 0 0 99 15 0 0
147 396 0 0 0 0 0 0 0 0 0 0 0 0
161 365 0 0 0 0 0 0 0 0 0 0 0 0
162 3088 0 0 2702 0 0 0 0 0 0 0 0 0
fn=do_lookup_x
347 5544 2 2 792 0 0 3960 6 2 0 0 0 0
348 396 0 0 396 1 0 0 0 0 0 0 0 0
353 396 0 0 0 0 0 0 0 0 0 0 0 0
354 396 0 0 396 0 0 0 0 0 0 0 0 0
358 4920 1 1 4920 11 0 0 0 0 0 0 0 0
361 4920 0 0 0 0 0 0 0 0 2460 0 0 0
365 5712 0 0 396 0 0 0 0 0 2460 136 0 0
386 4920 1 1 2460 11 0 0 0 0 2460 16 0 0
390 4920 0 0 2460 0 0 0 0 0 2460 17 0 0
396 7380 0 0 2460 12 0 0 0 0 2460 0 0 0
400 2460 0 0 0 0 0 2460 0 0 0 0 0 0
401 2460 0 0 0 0 0 2460 0 0 0 0 0 0
404 12300 0 0 7380 31 0 0 0 0 2460 4 0 0
405 7380 1 1 4920 5 0 0 0 0 0 0 0 0
408 2460 0 0 2460 0 0 0 0 0 0 0 0 0
409 4920 0 0 0 0 0 0 0 0 2460 0 0 0
411 2460 0 0 2460 238 109 0 0 0 0 0 0 0
412 1188 0 0 0 0 0 396 0 0 0 0 0 0
413 4920 0 0 4920 0 0 0 0 0 0 0 0 0
415 2772 1 1 396 0 0 792 0 0 0 0 0 0
416 9840 0 0 4920 0 0 0 0 0 0 0 0 0
419 17220 0 0 2460 0 0 0 0 0 2460 534 0 0
422 952 0 0 952 246 148 0 0 0 0 0 0 0
423 1428 1 1 476 0 0 0 0 0 0 0 0 0
424 952 0 0 0 0 0 0 0 0 476 16 0 0
426 922 0 0 461 0 0 0 0 0 0 0 0 0
429 4950 1 1 990 316 230 0 0 0 990 402 0 0
431 1158 0 0 386 0 0 0 0 0 0 0 0 0
432 10475 2 2 2777 0 0 5543 4 2 0 0 0 0
433 772 0 0 0 0 0 0 0 0 0 0 0 0
436 1158 0 0 0 0 0 0 0 0 386 16 0 0
439 1917 0 0 21 0 0 0 0 0 625 87 0 0
461 2920 1 1 2190 0 0 0 0 0 0 0 0 0
470 768 2 2 672 0 0 0 0 0 96 8 0 0
476 730 1 1 0 0 0 0 0 0 365 0 0 0
483 2632 0 0 365 0 0 0 0 0 951 89 0 0
487 216 1 1 72 0 0 0 0 0 72 6 0 0
499 730 0 0 365 0 0 365 0 0 0 0 0 0
500 365 0 0 0 0 0 365 0 0 0 0 0 0
501 365 0 0 0 0 0 0 0 0 0 0 0 0
518 6285 0 0 0 0 0 0 0 0 2095 41 0 0
521 31 0 0 0 0 0 0 0 0 0 0 0 0
522 3168 1 1 2772 0 0 0 0 0 0 0 0 0
fl=./elf/./elf/dl-minimal-malloc.c
fn=__minimal_calloc
80 120 1 1 0 0 0 0 0 0 0 0 0 0
84 24 0 0 0 0 0 0 0 0 0 0 0 0
87 24 0 0 0 0 0 0 0 0 0 0 0 0
88 72 0 0 0 0 0 0 0 0 24 13 0 0
fn=__minimal_free
97 1 1 1 0 0 0 0 0 0 0 0 0 0
99 4 0 0 2 0 0 0 0 0 1 0 0 0
fn=__minimal_malloc
36 512 2 2 0 0 0 256 1 1 0 0 0 0
37 192 0 0 64 2 1 0 0 0 64 1 0 0
42 3 1 1 0 0 0 1 0 0 0 0 0 0
43 2 1 1 1 0 0 0 0 0 0 0 0 0
44 2 0 0 0 0 0 0 0 0 0 0 0 0
48 255 0 0 63 0 0 64 0 0 0 0 0 0
51 432 0 0 0 0 0 0 0 0 124 5 0 0
56 16 0 0 4 0 0 0 0 0 0 0 0 0
57 16 0 0 0 0 0 0 0 0 4 0 0 0
59 4 1 1 0 0 0 0 0 0 0 0 0 0
60 32 0 0 0 0 0 4 0 0 0 0 0 0
62 8 0 0 0 0 0 0 0 0 4 0 0 0
64 16 0 0 0 0 0 4 0 0 0 0 0 0
65 12 0 0 4 0 0 0 0 0 4 1 0 0
67 11 0 0 0 0 0 4 0 0 0 0 0 0
70 65 2 1 1 0 0 64 0 0 0 0 0 0
71 69 0 0 0 0 0 64 0 0 0 0 0 0
73 384 0 0 320 0 0 0 0 0 0 0 0 0
fl=./elf/./elf/dl-minimal.c
fn=__rtld_malloc_init_real
76 10 1 1 0 0 0 6 0 0 0 0 0 0
86 2 1 1 0 0 0 1 0 0 0 0 0 0
87 1 0 0 0 0 0 1 0 0 0 0 0 0
89 1 0 0 0 0 0 1 0 0 0 0 0 0
91 6 1 1 0 0 0 1 0 0 0 0 0 0
92 5 0 0 0 0 0 1 0 0 0 0 0 0
93 5 0 0 0 0 0 1 0 0 0 0 0 0
94 4 1 1 0 0 0 1 0 0 0 0 0 0
99 1 0 0 0 0 0 1 0 0 0 0 0 0
100 1 0 0 0 0 0 1 0 0 0 0 0 0
101 1 0 0 0 0 0 1 0 0 0 0 0 0
102 1 0 0 0 0 0 1 0 0 0 0 0 0
103 8 0 0 7 0 0 0 0 0 0 0 0 0
fn=__rtld_malloc_init_stubs
42 1 1 1 0 0 0 0 0 0 0 0 0 0
43 2 1 1 0 0 0 1 1 1 0 0 0 0
44 2 0 0 0 0 0 1 0 0 0 0 0 0
45 2 0 0 0 0 0 1 0 0 0 0 0 0
46 2 0 0 0 0 0 1 0 0 0 0 0 0
47 1 0 0 1 0 0 0 0 0 0 0 0 0
fn=lookup_malloc_symbol
61 36 1 1 0 0 0 16 0 0 0 0 0 0
63 4 0 0 0 0 0 4 0 0 0 0 0 0
64 28 0 0 4 0 0 12 0 0 0 0 0 0
68 28 1 1 16 0 0 0 0 0 4 0 0 0
69 28 0 0 12 0 0 0 0 0 4 0 0 0
71 4 0 0 0 0 0 4 0 0 0 0 0 0
72 24 0 0 20 0 0 0 0 0 0 0 0 0
fn=strsep
239 2 1 1 0 0 0 0 0 0 0 0 0 0
242 4 0 0 2 1 1 0 0 0 2 0 0 0
244 2 0 0 2 0 0 0 0 0 0 0 0 0
245 4 0 0 0 0 0 0 0 0 2 1 0 0
247 2 0 0 0 0 0 0 0 0 0 0 0 0
249 47 1 1 15 0 0 0 0 0 15 4 0 0
251 28 0 0 0 0 0 0 0 0 0 0 0 0
254 56 0 0 28 0 0 0 0 0 28 6 0 0
256 84 0 0 28 0 0 0 0 0 28 3 0 0
264 14 0 0 0 0 0 0 0 0 0 0 0 0
267 1 0 0 0 0 0 1 0 0 0 0 0 0
271 4 0 0 2 0 0 0 0 0 0 0 0 0
fl=./elf/./elf/dl-misc.c
fn=_dl_name_match_p
68 1596 1 1 0 0 0 684 0 0 0 0 0 0
69 912 0 0 228 0 0 228 0 0 228 0 0 0
70 25 0 0 0 0 0 0 0 0 0 0 0 0
72 228 0 0 228 0 0 0 0 0 0 0 0 0
74 912 0 0 0 0 0 0 0 0 456 58 0 0
75 1265 1 1 253 0 0 253 0 0 253 39 0 0
80 228 0 0 228 0 0 0 0 0 0 0 0 0
82 203 0 0 0 0 0 0 0 0 0 0 0 0
83 912 0 0 912 0 0 0 0 0 0 0 0 0
fn=_dl_sysdep_read_whole_file
36 11 1 1 0 0 0 5 0 0 0 0 0 0
39 3 0 0 0 0 0 1 0 0 0 0 0 0
40 2 1 1 0 0 0 0 0 0 1 1 0 0
42 6 0 0 0 0 0 1 0 0 1 0 0 0
44 2 0 0 1 0 0 1 0 0 0 0 0 0
47 2 1 1 0 0 0 0 0 0 1 1 0 0
49 8 0 0 0 0 0 1 0 0 0 0 0 0
60 3 0 0 0 0 0 1 0 0 0 0 0 0
63 8 0 0 6 0 0 0 0 0 0 0 0 0
fl=./elf/./elf/dl-object.c
fn=_dl_add_to_namespace_list
31 99 1 1 0 0 0 44 0 0 0 0 0 0
33 33 0 0 11 0 0 11 0 0 0 0 11 5
35 98 1 1 11 0 0 0 0 0 11 1 0 0
38 260 0 0 65 0 0 0 0 0 65 35 0 0
40 10 0 0 0 0 0 10 0 0 0 0 0 0
42 10 0 0 0 0 0 10 0 0 0 0 0 0
45 2 1 1 0 0 0 1 0 0 0 0 0 0
46 33 0 0 11 0 0 0 0 0 0 0 0 0
47 22 0 0 11 0 0 11 0 0 0 0 0 0
48 22 0 0 0 0 0 11 0 0 0 0 0 0
50 22 0 0 11 0 0 0 0 0 0 0 11 1
51 55 0 0 44 0 0 0 0 0 0 0 0 0
fn=_dl_new_object
59 165 1 1 0 0 0 110 2 2 0 0 0 0
62 22 0 0 0 0 0 0 0 0 11 1 0 0
64 2 1 1 0 0 0 0 0 0 1 1 0 0
66 3 1 1 1 0 0 0 0 0 1 0 0 0
67 2 0 0 0 0 0 0 0 0 1 0 0 0
71 6 0 0 0 0 0 2 0 0 0 0 0 0
77 2 1 1 0 0 0 0 0 0 0 0 0 0
80 20 0 0 10 0 0 0 0 0 0 0 0 0
83 51 1 1 0 0 0 31 0 0 0 0 0 0
87 20 0 0 0 0 0 0 0 0 0 0 0 0
92 10 0 0 0 0 0 0 0 0 0 0 0 0
95 22 0 0 0 0 0 0 0 0 11 0 0 0
98 11 0 0 0 0 0 11 8 8 0 0 0 0
99 11 0 0 0 0 0 11 11 11 0 0 0 0
100 22 0 0 11 0 0 0 0 0 0 0 0 0
103 22 0 0 0 0 0 11 3 3 0 0 0 0
104 77 1 1 33 0 0 33 1 1 0 0 0 0
106 11 1 1 0 0 0 11 0 0 0 0 0 0
119 53 0 0 32 0 0 0 0 0 21 6 0 0
123 10 0 0 0 0 0 0 0 0 0 0 0 0
125 1 0 0 0 0 0 0 0 0 0 0 0 0
127 77 0 0 22 11 11 22 0 0 0 0 0 0
130 22 0 0 11 0 0 0 0 0 11 3 0 0
131 22 1 1 0 0 0 11 11 11 0 0 0 0
132 11 1 1 0 0 0 11 1 1 0 0 0 0
136 11 0 0 0 0 0 11 0 0 0 0 0 0
139 50 0 0 0 0 0 0 0 0 20 10 0 0
141 20 1 1 0 0 0 16 4 4 1 1 0 0
149 22 1 1 0 0 0 11 0 0 0 0 0 0
150 11 0 0 0 0 0 11 11 11 0 0 0 0
153 1 0 0 0 0 0 0 0 0 0 0 0 0
155 66 0 0 11 1 1 0 0 0 11 1 0 0
157 40 0 0 0 0 0 10 7 7 0 0 0 0
160 24 1 1 0 0 0 0 0 0 11 0 0 0
164 88 0 0 22 0 0 0 0 0 22 7 0 0
168 70 1 1 10 0 0 0 0 0 20 13 0 0
176 1 1 1 0 0 0 1 0 0 0 0 0 0
179 22 0 0 0 0 0 11 1 1 0 0 0 0
189 44 0 0 22 0 0 0 0 0 11 1 0 0
191 40 0 0 0 0 0 20 0 0 0 0 0 0
195 30 0 0 0 0 0 0 0 0 10 0 0 0
199 20 0 0 0 0 0 0 0 0 0 0 0 0
200 20 0 0 0 0 0 0 0 0 10 0 0 0
208 10 0 0 0 0 0 0 0 0 0 0 0 0
212 10 1 1 0 0 0 0 0 0 0 0 0 0
245 40 1 0 20 0 0 10 0 0 0 0 0 0
250 292 0 0 0 0 0 0 0 0 0 0 0 0
251 292 0 0 146 0 0 0 0 0 146 29 0 0
255 20 0 0 0 0 0 0 0 0 0 0 0 0
256 10 0 0 0 0 0 10 0 0 0 0 0 0
259 10 0 0 0 0 0 10 2 2 0 0 0 0
263 99 1 1 77 0 0 0 0 0 0 0 0 0
fl=./elf/./elf/dl-reloc.c
fn=_dl_relocate_object
170 2040 1 1 510 239 233 0 0 0 510 29 0 0
171 854 1 1 0 0 0 0 0 0 427 3 0 0
174 4349 1 1 427 11 2 0 0 0 816 53 0 0
175 456 2 2 38 0 0 0 0 0 190 2 0 0
177 38 0 0 38 0 0 0 0 0 0 0 0 0
178 152 1 1 38 0 0 38 0 0 0 0 0 0
182 778 0 0 0 0 0 0 0 0 389 0 0 0
183 389 0 0 0 0 0 389 0 0 0 0 0 0
184 389 0 0 0 0 0 389 0 0 0 0 0 0
186 3118 2 2 1556 0 0 6 0 0 389 61 0 0
187 1915 1 1 383 23 0 383 0 0 0 0 0 0
188 766 0 0 0 0 0 0 0 0 383 0 0 0
190 2890 2 2 778 0 0 1247 0 0 11 0 0 0
193 389 0 0 389 0 0 0 0 0 0 0 0 0
194 2723 1 1 1167 0 0 389 2 0 0 0 0 0
196 38 1 1 38 0 0 0 0 0 0 0 0 0
207 143 1 1 0 0 0 104 0 0 0 0 0 0
208 26 0 0 13 0 0 0 0 0 13 1 0 0
220 24 0 0 0 0 0 0 0 0 0 0 0 0
221 36 0 0 0 0 0 12 0 0 0 0 0 0
224 48 1 1 0 0 0 12 0 0 0 0 0 0
226 36 0 0 0 0 0 0 0 0 12 0 0 0
228 12 0 0 12 0 0 0 0 0 0 0 0 0
229 36 0 0 12 1 0 0 0 0 12 4 0 0
251 60 2 2 24 0 0 0 0 0 12 4 0 0
252 24 1 1 12 11 0 0 0 0 12 4 0 0
253 5 0 0 0 0 0 0 0 0 0 0 0 0
255 24 0 0 0 0 0 0 0 0 12 0 0 0
262 36 1 1 12 3 0 0 0 0 12 0 0 0
301 10613 9 9 1305 264 202 94 0 0 3582 437 0 0
304 60 0 0 24 0 0 0 0 0 24 0 0 0
328 12 0 0 12 0 0 0 0 0 0 0 0 0
331 24 0 0 0 0 0 0 0 0 12 0 0 0
348 36 0 0 12 8 0 0 0 0 12 8 0 0
350 104 0 0 91 1 0 0 0 0 0 0 0 0
356 72 1 1 36 0 0 0 0 0 0 0 0 0
359 24 0 0 0 0 0 0 0 0 0 0 0 0
363 24 1 1 0 0 0 0 0 0 12 0 0 0
364 72 0 0 0 0 0 12 0 0 12 4 0 0
fl=./elf/./elf/dl-runtime.c
fn=_dl_fixup
46 33 2 2 0 0 0 18 0 0 0 0 0 0
48 15 0 0 12 0 0 0 0 0 3 3 0 0
49 9 1 1 6 0 0 0 0 0 0 0 0 0
54 3 0 0 3 0 0 0 0 0 0 0 0 0
55 12 0 0 3 1 0 0 0 0 0 0 0 0
56 21 0 0 3 2 0 3 1 1 0 0 0 0
58 6 0 0 3 0 0 0 0 0 0 0 0 0
63 6 0 0 0 0 0 0 0 0 3 0 0 0
67 6 0 0 3 3 3 0 0 0 3 0 0 0
69 3 0 0 0 0 0 0 0 0 0 0 0 0
71 9 1 1 3 1 0 0 0 0 3 0 0 0
75 9 0 0 6 4 0 0 0 0 0 0 0 0
76 12 0 0 3 0 0 0 0 0 0 0 0 0
77 9 0 0 3 1 0 0 0 0 3 3 0 0
84 3 1 1 0 0 0 0 0 0 0 0 0 0
85 9 0 0 3 0 0 0 0 0 3 3 0 0
95 33 0 0 6 1 0 9 0 0 0 0 0 0
99 15 1 1 9 0 0 0 0 0 3 0 0 0
109 30 0 0 12 0 0 3 0 0 6 0 0 0
124 12 1 1 3 0 0 0 0 0 3 0 0 0
133 9 0 0 3 0 0 0 0 0 3 2 0 0
159 9 0 0 3 0 0 0 0 0 3 0 0 0
163 24 1 1 21 0 0 0 0 0 0 0 0 0
fl=./elf/./elf/dl-setup_hash.c
fn=_dl_setup_hash
25 24 1 1 0 0 0 0 0 0 0 0 0 0
28 36 1 1 12 0 0 0 0 0 12 0 0 0
31 36 0 0 24 0 0 0 0 0 12 0 0 0
32 24 0 0 12 4 4 12 1 1 0 0 0 0
33 12 0 0 12 0 0 0 0 0 0 0 0 0
34 12 0 0 12 0 0 0 0 0 0 0 0 0
36 36 0 0 0 0 0 0 0 0 12 0 0 0
37 12 0 0 0 0 0 12 0 0 0 0 0 0
38 36 1 1 12 0 0 12 0 0 0 0 0 0
40 12 0 0 0 0 0 12 0 0 0 0 0 0
41 24 0 0 0 0 0 0 0 0 0 0 0 0
43 12 0 0 0 0 0 12 0 0 0 0 0 0
45 36 0 0 0 0 0 12 0 0 0 0 0 0
50 12 0 0 12 0 0 0 0 0 0 0 0 0
fl=./elf/./elf/dl-sort-maps.c
fn=_dl_sort_maps
140 108 0 0 24 0 0 20 0 0 24 6 0 0
181 2 0 0 0 0 0 2 0 0 0 0 0 0
182 4 0 0 2 0 0 0 0 0 0 0 0 0
183 82 0 0 0 0 0 0 0 0 26 18 0 0
184 48 2 1 48 0 0 0 0 0 0 0 0 0
211 34 4 2 2 0 0 0 0 0 4 2 0 0
216 4 0 0 0 0 0 2 0 0 0 0 0 0
218 2 0 0 0 0 0 2 0 0 0 0 0 0
219 10 0 0 0 0 0 0 0 0 0 0 0 0
221 74 2 1 0 0 0 0 0 0 22 0 0 0
223 24 0 0 24 0 0 0 0 0 0 0 0 0
226 68 0 0 20 0 0 0 0 0 24 14 0 0
244 8 2 1 2 0 0 0 0 0 2 2 0 0
263 8 2 1 0 0 0 2 0 0 0 0 0 0
276 8 2 1 2 0 0 0 0 0 4 2 0 0
283 2 2 1 0 0 0 0 0 0 0 0 0 0
298 26 1 0 0 0 0 14 0 0 0 0 0 0
306 6 2 1 2 2 0 0 0 0 2 2 0 0
310 18 4 2 14 0 0 0 0 0 0 0 0 0
fn=_dl_sort_maps_init
289 4 2 2 0 0 0 1 0 0 0 0 0 0
290 4 0 0 0 0 0 1 0 0 0 0 0 0
291 1 0 0 0 0 0 1 0 0 0 0 0 0
292 3 0 0 1 0 0 0 0 0 0 0 0 0
293 2 0 0 2 0 0 0 0 0 0 0 0 0
fn=dfs_traversal.part.0
135 216 2 1 0 0 0 120 0 0 0 0 0 0
140 128 0 0 64 0 0 0 0 0 64 6 0 0
143 24 0 0 24 0 0 0 0 0 0 0 0 0
145 72 0 0 24 4 0 0 0 0 24 3 0 0
147 344 2 1 89 9 0 0 0 0 85 20 0 0
156 86 0 0 12 0 0 0 0 0 36 15 0 0
171 72 0 0 24 0 0 24 0 0 0 0 0 0
172 24 0 0 0 0 0 24 0 0 0 0 0 0
173 156 2 1 144 0 0 4 0 0 0 0 0 0
fl=./elf/./elf/dl-tunables.c
fn=__GI___tunable_set_val
72 50 1 1 5 0 0 0 0 0 10 0 0 0
82 5 0 0 5 0 0 0 0 0 0 0 0 0
93 40 1 1 10 0 0 0 0 0 5 0 0 0
94 25 0 0 10 0 0 0 0 0 5 0 0 0
97 10 0 0 0 0 0 0 0 0 5 2 0 0
100 35 0 0 0 0 0 0 0 0 0 0 0 0
104 10 0 0 0 0 0 0 0 0 5 2 0 0
111 10 0 0 0 0 0 0 0 0 5 0 0 0
112 10 0 0 0 0 0 0 0 0 5 2 0 0
115 25 1 1 0 0 0 5 0 0 0 0 0 0
116 5 0 0 0 0 0 5 0 0 0 0 0 0
117 5 0 0 0 0 0 5 0 0 0 0 0 0
118 5 0 0 0 0 0 5 0 0 0 0 0 0
153 30 1 1 0 0 0 10 0 0 0 0 0 0
157 15 0 0 15 0 0 0 0 0 0 0 0 0
fn=__GI___tunables_init
42 330 1 1 66 0 0 0 0 0 132 1 0 0
45 65 0 0 0 0 0 0 0 0 0 0 0 0
48 6531 0 0 933 34 34 0 0 0 1866 77 0 0
52 130 0 0 0 0 0 0 0 0 65 0 0 0
56 260 1 1 0 0 0 0 0 0 0 0 0 0
128 1 0 0 0 0 0 0 0 0 0 0 0 0
261 10 2 2 0 0 0 6 0 0 0 0 0 0
267 4 0 0 1 0 0 0 0 0 1 0 0 0
281 10660 0 0 0 0 0 0 0 0 2665 65 0 0
283 2 0 0 0 0 0 0 0 0 0 0 0 0
287 19305 1 1 5330 41 41 0 0 0 5330 719 0 0
304 8 1 1 7 0 0 0 0 0 0 0 0 0
fn=__tunable_get_val
387 88 1 1 0 0 0 0 0 0 0 0 0 0
390 522 1 1 44 35 31 0 0 0 85 16 0 0
399 55 0 0 41 15 0 14 0 0 0 0 0 0
400 14 0 0 0 0 0 0 0 0 0 0 0 0
409 36 1 1 0 0 0 30 0 0 0 0 0 0
416 264 0 0 44 4 0 0 0 0 44 31 0 0
418 44 0 0 44 0 0 0 0 0 0 0 0 0
fl=./elf/./elf/dl-tunables.h
fn=__GI___tunable_set_val
141 10 0 0 0 0 0 0 0 0 5 3 0 0
142 10 1 1 0 0 0 0 0 0 0 0 0 0
151 5 0 0 0 0 0 0 0 0 0 0 0 0
fn=__GI___tunables_init
160 1282 1 1 839 1 1 0 0 0 62 8 0 0
161 3069 0 0 0 0 0 0 0 0 790 70 0 0
fl=./elf/./elf/dl-version.c
fn=_dl_check_all_versions
392 7 1 1 0 0 0 5 0 0 0 0 0 0
394 1 0 0 0 0 0 0 0 0 0 0 0 0
396 41 0 0 12 0 0 0 0 0 13 7 0 0
397 12 0 0 0 0 0 0 0 0 0 0 0 0
398 108 1 1 12 0 0 12 0 0 12 8 0 0
401 7 0 0 6 0 0 0 0 0 0 0 0 0
fn=_dl_check_map_versions
36 280 0 0 28 0 0 0 0 0 98 8 0 0
37 84 0 0 84 0 0 0 0 0 0 0 0 0
38 504 1 1 0 0 0 98 0 0 98 13 0 0
56 232 0 0 174 0 0 0 0 0 58 20 0 0
64 174 0 0 58 0 0 0 0 0 58 0 0 0
70 174 1 1 58 2 0 0 0 0 58 0 0 0
86 58 0 0 58 1 0 0 0 0 0 0 0 0
87 116 0 0 0 0 0 0 0 0 58 0 0 0
89 58 0 0 58 0 0 0 0 0 0 0 0 0
94 1892 0 0 801 19 19 174 0 0 801 5 0 0
108 1602 0 0 801 7 6 0 0 0 801 62 0 0
110 58 1 1 58 0 0 0 0 0 0 0 0 0
113 464 1 1 174 1 1 116 0 0 58 1 0 0
120 2229 1 1 743 8 8 0 0 0 743 0 0 0
124 743 0 0 0 0 0 0 0 0 0 0 0 0
155 120 0 0 0 0 0 72 0 0 0 0 0 0
156 12 0 0 0 0 0 12 0 0 0 0 0 0
164 22 1 1 0 0 0 12 0 0 0 0 0 0
170 36 0 0 12 1 0 0 0 0 12 0 0 0
172 60 1 1 24 1 0 0 0 0 12 0 0 0
174 12 0 0 12 3 0 0 0 0 0 0 0 0
175 12 0 0 12 1 0 0 0 0 0 0 0 0
177 24 0 0 0 0 0 0 0 0 12 2 0 0
180 30 1 1 20 1 0 0 0 0 0 0 0 0
184 80 0 0 10 10 10 50 0 0 10 0 0 0
198 4 0 0 0 0 0 0 0 0 0 0 0 0
200 42 1 1 28 1 1 0 0 0 0 0 0 0
208 42 0 0 14 0 0 0 0 0 14 0 0 0
213 42 0 0 14 2 2 0 0 0 0 0 0 0
215 44 0 0 0 0 0 0 0 0 0 0 0 0
217 232 1 1 116 12 12 58 0 0 0 0 0 0
218 373 1 1 300 0 0 0 0 0 58 16 0 0
221 116 0 0 58 0 0 58 0 0 0 0 0 0
224 174 0 0 116 0 0 0 0 0 58 8 0 0
225 5 0 0 1 0 0 1 0 0 1 0 0 0
228 30 1 1 15 0 0 14 0 0 0 0 0 0
231 232 0 0 58 0 0 0 0 0 0 0 0 0
234 174 0 0 58 0 0 0 0 0 58 17 0 0
239 44 0 0 0 0 0 0 0 0 0 0 0 0
243 42 0 0 14 0 0 0 0 0 14 9 0 0
248 4 0 0 0 0 0 0 0 0 0 0 0 0
257 55 2 2 30 0 0 0 0 0 12 5 0 0
260 10 0 0 10 0 0 0 0 0 0 0 0 0
263 347 0 0 88 8 8 5 0 0 0 0 0 0
266 259 0 0 83 4 4 5 0 0 83 25 0 0
270 78 0 0 0 0 0 0 0 0 0 0 0 0
274 33 1 1 11 0 0 0 0 0 11 5 0 0
279 11 0 0 0 0 0 11 1 0 0 0 0 0
280 44 1 1 11 0 0 11 0 0 0 0 0 0
281 33 0 0 11 0 0 0 0 0 11 0 0 0
291 11 0 0 0 0 0 11 0 0 0 0 0 0
294 57 0 0 34 4 0 11 1 0 11 0 0 0
296 22 0 0 0 0 0 0 0 0 11 1 0 0
299 40 1 1 20 0 0 0 0 0 0 0 0 0
301 4 0 0 0 0 0 0 0 0 0 0 0 0
303 42 0 0 14 0 0 0 0 0 0 0 0 0
306 174 1 1 58 0 0 0 0 0 0 0 0 0
308 232 0 0 0 0 0 0 0 0 58 15 0 0
310 290 0 0 58 0 0 58 0 0 0 0 0 0
311 116 0 0 0 0 0 58 21 21 0 0 0 0
312 174 0 0 58 0 0 58 8 8 0 0 0 0
313 174 0 0 58 0 0 58 1 1 0 0 0 0
316 174 0 0 58 0 0 0 0 0 58 25 0 0
321 44 0 0 0 0 0 0 0 0 0 0 0 0
324 42 0 0 14 0 0 0 0 0 14 2 0 0
329 4 1 1 0 0 0 0 0 0 0 0 0 0
334 22 0 0 0 0 0 0 0 0 11 7 0 0
337 10 0 0 5 0 0 0 0 0 0 0 0 0
341 78 0 0 78 0 0 0 0 0 0 0 0 0
343 166 0 0 83 0 0 0 0 0 83 12 0 0
347 78 0 0 78 0 0 0 0 0 0 0 0 0
348 390 0 0 78 0 0 78 22 22 0 0 0 0
349 234 0 0 78 0 0 78 0 0 0 0 0 0
350 78 0 0 0 0 0 78 8 8 0 0 0 0
353 249 0 0 83 0 0 0 0 0 83 8 0 0
357 78 0 0 0 0 0 0 0 0 0 0 0 0
365 10 0 0 0 0 0 0 0 0 5 1 0 0
366 20 1 1 10 0 0 0 0 0 10 0 0 0
367 20 0 0 10 1 0 0 0 0 10 4 0 0
368 4 0 0 2 0 0 0 0 0 2 1 0 0
370 4 1 1 3 0 0 0 0 0 1 1 0 0
372 124 0 0 32 1 0 0 0 0 31 1 0 0
373 60 1 1 0 0 0 0 0 0 30 3 0 0
375 2 0 0 1 0 0 0 0 0 0 0 0 0
376 7 0 0 0 0 0 1 0 0 1 1 0 0
387 108 1 1 96 0 0 0 0 0 0 0 0 0
fl=./elf/./elf/do-rel.h
fn=_dl_relocate_object
49 72 1 1 24 4 0 0 0 0 0 0 0 0
50 72 0 0 24 0 0 24 0 0 0 0 0 0
51 12 0 0 12 0 0 0 0 0 0 0 0 0
53 120 0 0 48 1 0 0 0 0 0 0 0 0
72 16 0 0 0 0 0 0 0 0 0 0 0 0
73 17 1 1 0 0 0 12 0 0 0 0 0 0
80 72 0 0 24 0 0 0 0 0 24 14 0 0
83 835 1 1 0 0 0 5 0 0 270 5 0 0
85 1060 1 1 265 100 100 0 0 0 265 2 0 0
96 30 0 0 5 0 0 0 0 0 0 0 0 0
97 10 0 0 0 0 0 0 0 0 5 2 0 0
114 57 1 1 0 0 0 0 0 0 0 0 0 0
123 3389 0 0 0 0 0 0 0 0 1133 28 0 0
124 2228 0 0 1114 147 140 0 0 0 0 0 0 0
126 57 1 1 19 13 0 0 0 0 19 3 0 0
129 68 0 0 34 1 0 17 0 0 17 2 0 0
131 2111 1 1 554 0 0 0 0 0 521 41 0 0
133 2520 0 0 1512 285 270 0 0 0 0 0 0 0
134 2016 0 0 504 0 0 504 0 0 0 0 0 0
135 1512 0 0 1008 1 0 504 0 0 0 0 0 0
136 2016 0 0 504 1 0 0 0 0 0 0 0 0
138 1512 1 1 0 0 0 0 0 0 504 8 0 0
141 272 0 0 68 0 0 68 0 0 0 0 0 0
142 68 1 1 0 0 0 68 0 0 0 0 0 0
143 68 0 0 0 0 0 0 0 0 0 0 0 0
147 436 0 0 0 0 0 436 0 0 0 0 0 0
150 1325 1 1 436 0 0 0 0 0 436 33 0 0
151 618 2 2 206 1 0 0 0 0 206 13 0 0
164 44 1 1 22 0 0 0 0 0 11 5 0 0
165 285 0 0 9 0 0 6 0 0 87 29 0 0
166 252 1 1 84 0 0 0 0 0 84 9 0 0
169 204 0 0 136 0 0 0 0 0 0 0 0 0
171 272 0 0 68 0 0 68 0 0 0 0 0 0
172 68 0 0 68 0 0 0 0 0 0 0 0 0
173 136 0 0 68 0 0 0 0 0 0 0 0 0
180 31 1 1 9 0 0 0 0 0 8 5 0 0
182 42 1 1 12 2 2 6 0 0 0 0 0 0
183 12 0 0 12 0 0 0 0 0 0 0 0 0
185 18 0 0 0 0 0 0 0 0 6 0 0 0
193 6 0 0 0 0 0 6 0 0 0 0 0 0
196 18 0 0 6 0 0 0 0 0 6 0 0 0
211 7 1 1 4 0 0 0 0 0 1 1 0 0
fn=_dl_start
49 6 0 0 2 0 0 0 0 0 0 0 0 0
50 4 0 0 2 0 0 0 0 0 0 0 0 0
51 1 0 0 1 0 0 0 0 0 0 0 0 0
53 10 1 1 4 0 0 0 0 0 0 0 0 0
56 4 0 0 0 0 0 0 0 0 2 2 0 0
61 13 1 1 0 0 0 0 0 0 5 3 0 0
63 9 1 1 3 1 1 0 0 0 0 0 0 0
64 6 0 0 0 0 0 0 0 0 0 0 0 0
65 3 0 0 3 0 0 0 0 0 0 0 0 0
fl=./elf/./elf/get-dynamic-info.h
fn=_dl_map_object_from_fd
39 20 0 0 0 0 0 0 0 0 10 0 0 0
43 10 0 0 0 0 0 0 0 0 0 0 0 0
45 1086 0 0 274 77 77 0 0 0 274 18 0 0
49 528 0 0 0 0 0 0 0 0 264 60 0 0
51 128 1 1 0 0 0 0 0 0 64 4 0 0
52 64 0 0 0 0 0 0 0 0 0 0 0 0
53 6 0 0 0 0 0 0 0 0 0 0 0 0
54 242 1 1 0 0 0 0 0 0 58 10 0 0
55 202 0 0 0 0 0 0 0 0 0 0 0 0
56 50 1 1 0 0 0 0 0 0 10 2 0 0
59 40 1 1 0 0 0 0 0 0 10 0 0 0
62 40 0 0 0 0 0 0 0 0 10 0 0 0
64 40 0 0 0 0 0 0 0 0 0 0 0 0
68 264 0 0 0 0 0 264 68 68 0 0 0 0
72 40 0 0 10 0 0 0 0 0 20 0 0 0
84 32 1 1 12 0 0 0 0 0 10 2 0 0
85 40 0 0 20 0 0 0 0 0 10 0 0 0
86 40 0 0 20 0 0 0 0 0 10 0 0 0
87 40 0 0 20 0 0 0 0 0 10 1 0 0
88 32 0 0 12 5 5 0 0 0 10 2 0 0
89 39 1 1 19 1 1 0 0 0 10 1 0 0
90 39 0 0 19 1 1 0 0 0 10 1 0 0
91 40 0 0 20 0 0 0 0 0 10 0 0 0
103 80 1 1 20 0 0 10 0 0 20 0 0 0
110 31 0 0 10 0 0 0 0 0 10 3 0 0
115 18 0 0 9 0 0 0 0 0 9 0 0 0
122 18 0 0 9 0 0 0 0 0 9 0 0 0
123 30 1 1 20 0 0 0 0 0 10 0 0 0
129 30 0 0 10 0 0 0 0 0 10 6 0 0
130 6 0 0 4 0 0 0 0 0 2 0 0 0
147 30 0 0 10 0 0 0 0 0 10 5 0 0
152 8 0 0 4 0 0 4 0 0 0 0 0 0
154 8 0 0 0 0 0 0 0 0 4 4 0 0
156 8 0 0 0 0 0 0 0 0 4 3 0 0
158 8 0 0 0 0 0 0 0 0 4 4 0 0
159 8 0 0 0 0 0 4 0 0 0 0 0 0
162 30 1 1 10 0 0 0 0 0 10 4 0 0
164 15 1 1 5 0 0 5 0 0 0 0 0 0
165 10 0 0 0 0 0 0 0 0 5 0 0 0
174 10 0 0 5 0 0 0 0 0 0 0 0 0
175 15 1 1 0 0 0 0 0 0 5 5 0 0
180 10 0 0 0 0 0 0 0 0 5 2 0 0
181 12 0 0 4 0 0 4 0 0 0 0 0 0
184 20 0 0 10 0 0 0 0 0 10 5 0 0
fl=./elf/./elf/libc_early_init.c
fn=__libc_early_init
33 9 2 2 1 0 0 3 0 0 0 0 0 0
35 1 0 0 0 0 0 1 0 0 0 0 0 0
38 2 0 0 1 1 0 1 1 1 0 0 0 0
41 2 0 0 0 0 0 2 1 1 0 0 0 0
47 4 1 1 2 0 0 0 0 0 1 0 0 0
49 2 0 0 2 0 0 0 0 0 0 0 0 0
fl=./elf/./elf/rtld.c
fn=_dl_start
85 8 0 0 0 0 0 2 1 1 0 0 0 0
458 2 0 0 0 0 0 1 0 0 0 0 0 0
476 3 0 0 0 0 0 1 0 0 0 0 0 0
477 1 0 0 0 0 0 1 0 0 0 0 0 0
478 2 0 0 1 0 0 1 1 1 0 0 0 0
488 1 0 0 0 0 0 1 0 0 0 0 0 0
494 4 2 1 1 0 0 1 0 0 0 0 0 0
496 2 0 0 1 0 0 0 0 0 1 0 0 0
517 16 2 2 0 0 0 8 2 2 0 0 0 0
543 1 0 0 0 0 0 1 1 1 0 0 0 0
546 2 1 1 0 0 0 1 1 1 0 0 0 0
547 4 0 0 1 1 1 0 0 0 0 0 0 0
563 190 5 5 24 5 5 5 0 0 57 24 0 0
565 1 0 0 1 0 0 0 0 0 0 0 0 0
578 1 1 1 0 0 0 1 0 0 0 0 0 0
585 9 1 1 7 2 0 0 0 0 0 0 0 0
fn=dl_main
85 17 2 2 0 0 0 1 0 0 0 0 0 0
92 12 1 1 0 0 0 0 0 0 0 0 0 0
93 2 0 0 0 0 0 1 1 0 0 0 0 0
101 9 0 0 4 0 0 0 0 0 0 0 0 0
197 2 0 0 0 0 0 1 0 0 0 0 0 0
199 1 0 0 0 0 0 1 0 0 0 0 0 0
224 3 0 0 3 0 0 0 0 0 0 0 0 0
225 5 0 0 3 0 0 0 0 0 1 1 0 0
226 4 1 1 0 0 0 0 0 0 2 1 0 0
296 3 1 1 0 0 0 3 0 0 0 0 0 0
302 1 0 0 0 0 0 1 0 0 0 0 0 0
303 1 0 0 0 0 0 1 0 0 0 0 0 0
837 1 0 0 1 0 0 0 0 0 0 0 0 0
839 1 0 0 0 0 0 1 0 0 0 0 0 0
848 1 1 1 0 0 0 1 0 0 0 0 0 0
850 1 0 0 0 0 0 1 0 0 0 0 0 0
855 1 0 0 0 0 0 1 0 0 0 0 0 0
1115 1 0 0 1 0 0 0 0 0 0 0 0 0
1116 1 1 1 1 0 0 0 0 0 0 0 0 0
1118 1 0 0 0 0 0 1 0 0 0 0 0 0
1122 3 0 0 2 1 1 1 1 1 0 0 0 0
1124 1 0 0 1 0 0 0 0 0 0 0 0 0
1125 1 0 0 1 0 0 0 0 0 0 0 0 0
1140 1 0 0 0 0 0 0 0 0 0 0 0 0
1143 46 4 4 0 0 0 0 0 0 14 11 0 0
1144 117 1 1 22 6 6 0 0 0 29 7 9 5
1148 3 1 1 1 0 0 1 0 0 0 0 0 0
1153 3 0 0 2 0 0 1 0 0 0 0 0 0
1154 9 1 1 2 0 0 1 0 0 0 0 0 0
1163 2 0 0 0 0 0 1 0 0 0 0 0 0
1164 2 0 0 2 1 1 0 0 0 0 0 0 0
1166 1 0 0 0 0 0 1 0 0 0 0 0 0
1173 3 1 1 1 0 0 0 0 0 1 0 0 0
1191 2 0 0 0 0 0 1 0 0 0 0 0 0
1199 8 0 0 4 0 0 0 0 0 0 0 0 0
1200 17 0 0 5 1 1 0 0 0 0 0 0 0
1201 8 0 0 4 0 0 0 0 0 4 3 0 0
1202 1 0 0 0 0 0 1 0 0 0 0 0 0
1204 12 0 0 4 0 0 0 0 0 0 0 0 0
1205 14 0 0 0 0 0 0 0 0 7 3 0 0
1209 8 0 0 4 3 3 0 0 0 0 0 0 0
1210 8 0 0 4 0 0 0 0 0 4 0 0 0
1211 4 0 0 0 0 0 4 0 0 0 0 0 0
1215 12 0 0 0 0 0 0 0 0 0 0 0 0
1243 2 1 1 1 0 0 1 1 1 0 0 0 0
1247 3 0 0 2 1 1 1 0 0 0 0 0 0
1253 28 0 0 1 0 0 0 0 0 13 1 0 0
1254 61 0 0 13 0 0 0 0 0 24 13 0 0
1260 17 0 0 0 0 0 1 0 0 0 0 0 0
1266 4 0 0 2 1 1 0 0 0 1 1 0 0
1269 3 1 1 2 0 0 0 0 0 1 1 0 0
1271 3 0 0 1 0 0 0 0 0 1 0 0 0
1346 13 2 2 0 0 0 9 1 1 0 0 0 0
1351 1 0 0 0 0 0 0 0 0 0 0 0 0
1352 1 0 0 0 0 0 1 0 0 0 0 0 0
1357 1 0 0 0 0 0 1 1 1 0 0 0 0
1373 3 0 0 2 0 0 1 0 0 0 0 0 0
1374 4 1 1 2 0 0 0 0 0 1 1 0 0
1637 10 1 1 0 0 0 3 0 0 0 0 0 0
1639 2 0 0 0 0 0 0 0 0 1 0 0 0
1640 3 1 1 0 0 0 1 0 0 0 0 0 0
1641 2 0 0 1 0 0 1 0 0 0 0 0 0
1642 3 0 0 2 0 0 1 0 0 0 0 0 0
1646 2 0 0 0 0 0 1 0 0 0 0 0 0
1647 2 0 0 1 0 0 0 0 0 1 0 0 0
1672 3 1 1 1 0 0 0 0 0 1 0 0 0
1673 5 0 0 1 0 0 1 0 0 1 0 0 0
1674 3 0 0 2 0 0 0 0 0 0 0 0 0
1675 3 0 0 3 0 0 0 0 0 0 0 0 0
1678 1 0 0 0 0 0 1 0 0 0 0 0 0
1680 1 1 1 0 0 0 1 1 1 0 0 0 0
1681 1 0 0 0 0 0 1 0 0 0 0 0 0
1683 2 0 0 1 0 0 0 0 0 1 0 0 0
1684 2 0 0 0 0 0 1 0 0 0 0 0 0
1688 2 0 0 1 0 0 0 0 0 1 0 0 0
1690 2 1 1 0 0 0 0 0 0 1 0 0 0
1698 4 0 0 2 0 0 0 0 0 1 1 0 0
1705 2 1 1 1 0 0 1 0 0 0 0 0 0
1708 2 1 1 1 0 0 0 0 0 1 0 0 0
1733 4 1 1 1 0 0 1 0 0 0 0 0 0
1735 1 0 0 0 0 0 1 0 0 0 0 0 0
1740 2 0 0 1 0 0 0 0 0 1 1 0 0
1743 4 1 1 2 0 0 1 0 0 0 0 0 0
1744 4 0 0 1 0 0 1 0 0 0 0 0 0
1745 3 1 1 2 0 0 1 0 0 0 0 0 0
1746 1 0 0 0 0 0 1 0 0 0 0 0 0
1747 1 0 0 1 0 0 0 0 0 0 0 0 0
1748 1 0 0 1 0 0 0 0 0 0 0 0 0
1759 2 0 0 1 1 1 0 0 0 1 0 0 0
1760 2 0 0 1 0 0 0 0 0 1 0 0 0
1762 2 1 1 1 0 0 0 0 0 0 0 0 0
1764 1 0 0 0 0 0 1 0 0 0 0 0 0
1765 3 0 0 1 0 0 1 0 0 0 0 0 0
1770 5 1 1 0 0 0 0 0 0 1 1 0 0
1771 5 0 0 1 1 1 0 0 0 1 1 0 0
1773 3 2 2 2 1 1 1 1 1 0 0 0 0
1779 2 0 0 1 1 1 0 0 0 1 1 0 0
1788 2 1 1 1 0 0 0 0 0 1 0 0 0
1792 1 0 0 0 0 0 0 0 0 0 0 0 0
1793 2 0 0 1 0 0 0 0 0 1 0 0 0
1817 2 1 1 0 0 0 2 0 0 0 0 0 0
1823 1 0 0 0 0 0 1 0 0 0 0 0 0
1824 1 0 0 0 0 0 1 0 0 0 0 0 0
1825 1 0 0 0 0 0 0 0 0 0 0 0 0
1829 3 0 0 1 0 0 1 0 0 0 0 0 0
1834 3 1 1 2 0 0 0 0 0 1 0 0 0
1836 1 0 0 0 0 0 0 0 0 0 0 0 0
1838 2 0 0 1 0 0 0 0 0 1 1 0 0
1842 5 1 1 2 0 0 1 0 0 0 0 0 0
1847 2 0 0 1 0 0 0 0 0 1 0 0 0
1863 6 1 1 0 0 0 1 0 0 1 0 0 0
1939 4 0 0 2 0 0 0 0 0 1 1 0 0
1943 19 2 2 1 0 0 0 0 0 2 1 0 0
1944 1 0 0 0 0 0 0 0 0 0 0 0 0
1947 3 0 0 0 0 0 1 0 0 0 0 0 0
1948 1 1 1 1 0 0 0 0 0 0 0 0 0
1949 2 0 0 0 0 0 0 0 0 1 0 0 0
1950 2 0 0 0 0 0 0 0 0 1 0 0 0
1955 3 0 0 1 0 0 0 0 0 1 1 0 0
1965 9 1 1 2 0 0 1 0 0 0 0 0 0
1971 51 1 1 1 0 0 0 0 0 13 10 0 0
1972 28 0 0 25 0 0 0 0 0 0 0 0 0
1975 3 0 0 2 0 0 1 0 0 0 0 0 0
1976 2 1 1 0 0 0 0 0 0 1 0 0 0
1977 1 0 0 0 0 0 1 0 0 0 0 0 0
1979 30 0 0 1 0 0 0 0 0 7 0 0 0
1980 14 0 0 7 0 0 0 0 0 7 5 0 0
1984 2 1 1 0 0 0 0 0 0 1 0 0 0
1990 1 0 0 0 0 0 1 0 0 0 0 0 0
1992 3 0 0 1 0 0 1 0 0 0 0 0 0
1993 2 0 0 0 0 0 0 0 0 1 0 0 0
1995 2 0 0 0 0 0 1 0 0 0 0 0 0
1997 4 0 0 1 0 0 0 0 0 1 0 0 0
1999 3 1 1 1 0 0 0 0 0 0 0 0 0
2000 1 0 0 1 0 0 0 0 0 0 0 0 0
2001 2 0 0 0 0 0 0 0 0 1 1 0 0
2013 2 0 0 0 0 0 0 0 0 1 0 0 0
2014 2 0 0 1 0 0 1 0 0 0 0 0 0
2015 3 0 0 1 0 0 0 0 0 1 0 0 0
2017 2 0 0 1 0 0 0 0 0 1 0 0 0
2018 2 1 1 1 0 0 1 0 0 0 0 0 0
2026 5 0 0 1 0 0 1 0 0 0 0 0 0
2027 4 0 0 0 0 0 1 0 0 0 0 0 0
2028 5 1 1 0 0 0 1 0 0 0 0 0 0
2038 2 0 0 1 0 0 1 0 0 0 0 0 0
2039 2 0 0 1 0 0 0 0 0 1 1 0 0
2040 4 1 1 0 0 0 2 0 0 0 0 0 0
2042 2 0 0 0 0 0 0 0 0 1 0 0 0
2047 3 0 0 1 0 0 0 0 0 1 0 0 0
2246 3 0 0 1 0 0 1 0 0 0 0 0 0
2250 3 0 0 1 0 0 2 0 0 0 0 0 0
2256 2 1 1 1 0 0 1 0 0 0 0 0 0
2259 2 0 0 1 0 0 0 0 0 1 0 0 0
2267 2 0 0 2 0 0 0 0 0 0 0 0 0
2279 3 1 1 1 0 0 0 0 0 0 0 0 0
2282 3 0 0 1 0 0 1 0 0 0 0 0 0
2284 3 0 0 1 0 0 0 0 0 1 1 0 0
2285 6 0 0 1 0 0 1 0 0 0 0 0 0
2292 2 0 0 2 1 0 0 0 0 0 0 0 0
2293 45 0 0 3 1 0 1 1 0 13 2 0 0
2295 24 1 1 24 7 0 0 0 0 0 0 0 0
2300 24 0 0 24 11 0 0 0 0 0 0 0 0
2302 26 0 0 0 0 0 0 0 0 13 2 0 0
2304 1 1 1 0 0 0 1 0 0 0 0 0 0
2305 1 0 0 1 0 0 0 0 0 0 0 0 0
2308 12 0 0 12 1 0 0 0 0 0 0 0 0
2310 24 0 0 0 0 0 0 0 0 12 1 0 0
2311 88 0 0 22 12 0 11 0 0 0 0 0 0
2315 26 1 1 13 4 0 0 0 0 13 3 0 0
2316 3 0 0 0 0 0 1 0 0 0 0 0 0
2325 2 0 0 1 0 0 0 0 0 1 0 0 0
2329 4 0 0 2 1 0 0 0 0 2 0 0 0
2331 1 0 0 1 1 0 0 0 0 0 0 0 0
2338 4 1 1 1 0 0 1 0 0 0 0 0 0
2341 2 0 0 1 1 0 0 0 0 1 0 0 0
2345 3 1 1 2 0 0 0 0 0 1 0 0 0
2347 2 0 0 1 0 0 0 0 0 1 1 0 0
2357 1 1 1 0 0 0 1 0 0 0 0 0 0
2362 3 0 0 1 0 0 1 0 0 0 0 0 0
2365 1 0 0 0 0 0 1 0 0 0 0 0 0
2371 1 0 0 1 0 0 0 0 0 0 0 0 0
2372 5 1 1 2 0 0 1 0 0 0 0 0 0
2380 3 0 0 1 0 0 1 0 0 0 0 0 0
2387 1 0 0 0 0 0 1 0 0 0 0 0 0
2390 3 0 0 0 0 0 1 0 0 0 0 0 0
2394 3 0 0 0 0 0 1 0 0 0 0 0 0
2395 1 0 0 0 0 0 1 1 0 0 0 0 0
2396 1 0 0 0 0 0 1 0 0 0 0 0 0
2397 1 0 0 0 0 0 0 0 0 0 0 0 0
2401 1 0 0 0 0 0 1 0 0 0 0 0 0
2406 8 0 0 7 2 0 0 0 0 0 0 0 0
2538 1 0 0 1 0 0 0 0 0 0 0 0 0
2598 1 0 0 0 0 0 1 1 1 0 0 0 0
2600 2 0 0 0 0 0 0 0 0 0 0 0 0
2602 15 1 1 0 0 0 3 0 0 3 1 0 0
2604 2 0 0 0 0 0 0 0 0 0 0 0 0
2606 107 0 0 21 0 0 0 0 0 40 10 0 0
2607 19 0 0 0 0 0 0 0 0 0 0 0 0
2615 13 1 1 2 2 2 0 0 0 2 0 2 2
2640 2 1 1 1 0 0 0 0 0 1 0 0 0
2650 4 1 1 2 0 0 0 0 0 2 1 0 0
2652 2 0 0 0 0 0 1 0 0 0 0 0 0
2653 1 0 0 0 0 0 0 0 0 0 0 0 0
2687 5 2 2 2 0 0 0 0 0 2 1 0 0
2689 2 0 0 0 0 0 1 0 0 0 0 0 0
2690 2 0 0 0 0 0 1 0 0 0 0 0 0
2691 1 0 0 0 0 0 0 0 0 0 0 0 0
2727 5 0 0 1 0 0 0 0 0 1 0 0 0
2749 3 0 0 1 0 0 0 0 0 1 0 0 0
fn=handle_preload_list
183 3 0 0 1 0 0 0 0 0 1 0 0 0
806 1 0 0 0 0 0 1 0 0 0 0 0 0
810 2 0 0 0 0 0 1 0 0 0 0 0 0
811 2 0 0 1 0 0 1 0 0 0 0 0 0
812 1 0 0 0 0 0 1 0 0 0 0 0 0
814 1 0 0 1 0 0 0 0 0 0 0 0 0
816 6 1 1 0 0 0 1 0 0 0 0 0 0
817 3 0 0 1 0 0 0 0 0 1 0 0 0
825 3 0 0 1 0 0 0 0 0 0 0 0 0
869 13 2 2 1 1 1 8 1 1 0 0 0 0
870 3 0 0 0 0 0 0 0 0 0 0 0 0
874 5 0 0 2 0 0 0 0 0 2 0 0 0
877 4 1 1 0 0 0 1 0 0 0 0 0 0
878 3 0 0 0 0 0 0 0 0 1 1 0 0
880 4 1 1 0 0 0 1 0 0 0 0 0 0
881 2 0 0 0 0 0 1 0 0 0 0 0 0
887 1 0 0 0 0 0 0 0 0 0 0 0 0
889 2 0 0 1 0 0 0 0 0 0 0 0 0
891 2 1 1 1 0 0 0 0 0 1 0 0 0
892 1 0 0 0 0 0 0 0 0 0 0 0 0
895 9 0 0 7 0 0 0 0 0 0 0 0 0
fn=init_tls
734 4 1 1 0 0 0 3 0 0 0 0 0 0
736 2 0 0 1 0 0 1 0 0 0 0 0 0
740 3 0 0 1 1 0 0 0 0 1 0 0 0
746 2 0 0 0 0 0 1 0 0 0 0 0 0
749 1 0 0 0 0 0 1 0 0 0 0 0 0
750 1 0 0 0 0 0 0 0 0 0 0 0 0
751 1 0 0 0 0 0 0 0 0 0 0 0 0
755 1 0 0 0 0 0 0 0 0 0 0 0 0
757 1 0 0 0 0 0 1 0 0 0 0 0 0
761 2 1 1 1 1 1 0 0 0 1 0 0 0
762 2 0 0 0 0 0 0 0 0 0 0 0 0
763 28 0 0 1 0 0 0 0 0 13 9 0 0
764 12 1 1 12 0 0 0 0 0 0 0 0 0
765 24 1 1 12 5 0 0 0 0 12 9 0 0
769 3 0 0 0 0 0 1 1 1 0 0 0 0
771 1 0 0 0 0 0 0 0 0 0 0 0 0
773 3 0 0 1 0 0 0 0 0 1 0 0 0
776 2 0 0 0 0 0 1 0 0 0 0 0 0
779 1 0 0 0 0 0 1 0 0 0 0 0 0
786 2 1 1 0 0 0 1 0 0 0 0 0 0
787 2 0 0 0 0 0 0 0 0 1 0 0 0
793 2 0 0 1 0 0 1 0 0 0 0 0 0
797 1 0 0 0 0 0 1 0 0 0 0 0 0
800 5 0 0 4 0 0 0 0 0 0 0 0 0
fn=map_doit
641 6 1 1 0 0 0 2 0 0 0 0 0 0
643 4 0 0 1 0 0 0 0 0 0 0 0 0
644 6 0 0 2 0 0 2 1 1 0 0 0 0
646 3 0 0 3 0 0 0 0 0 0 0 0 0
fn=version_check_doit
674 6 2 2 0 0 0 2 0 0 0 0 0 0
676 6 0 0 2 0 0 1 0 0 1 0 0 0
680 3 0 0 3 0 0 0 0 0 0 0 0 0
fl=./elf/./get-dynamic-info.h
fn=_dl_start
45 75 0 0 19 5 5 0 0 0 19 2 0 0
49 36 0 0 0 0 0 0 0 0 18 12 0 0
51 10 0 0 0 0 0 0 0 0 5 0 0 0
52 5 1 1 0 0 0 0 0 0 0 0 0 0
54 20 0 0 0 0 0 0 0 0 5 1 0 0
55 16 0 0 0 0 0 0 0 0 0 0 0 0
56 5 0 0 0 0 0 0 0 0 1 1 0 0
59 4 1 1 0 0 0 0 0 0 1 1 0 0
62 4 1 1 0 0 0 0 0 0 1 0 0 0
64 4 0 0 0 0 0 0 0 0 0 0 0 0
68 18 0 0 0 0 0 18 7 7 0 0 0 0
72 3 0 0 0 0 0 0 0 0 1 0 0 0
84 4 0 0 2 0 0 0 0 0 1 0 0 0
85 3 0 0 1 0 0 0 0 0 1 1 0 0
86 4 1 1 2 0 0 0 0 0 1 0 0 0
87 4 0 0 2 0 0 0 0 0 1 0 0 0
88 5 0 0 2 0 0 0 0 0 1 0 0 0
89 3 1 1 1 0 0 0 0 0 1 1 0 0
90 4 0 0 2 0 0 0 0 0 1 0 0 0
91 4 0 0 2 0 0 0 0 0 1 0 0 0
103 10 2 2 2 0 0 1 0 0 2 1 0 0
110 3 0 0 1 1 1 0 0 0 1 1 0 0
123 3 2 2 2 0 0 0 0 0 1 0 0 0
129 3 0 0 1 0 0 0 0 0 1 0 0 0
130 3 0 0 2 0 0 0 0 0 1 0 0 0
133 2 0 0 1 0 0 0 0 0 1 0 0 0
134 3 0 0 1 0 0 0 0 0 1 0 0 0
139 5 1 1 2 0 0 0 0 0 2 0 0 0
142 5 0 0 2 0 0 0 0 0 2 0 0 0
fn=dl_main
39 4 0 0 2 0 0 0 0 0 1 0 0 0
43 1 0 0 0 0 0 0 0 0 0 0 0 0
45 119 0 0 30 9 9 0 0 0 30 2 0 0
49 58 1 1 0 0 0 0 0 0 29 9 0 0
51 12 0 0 0 0 0 0 0 0 6 0 0 0
52 6 0 0 0 0 0 0 0 0 0 0 0 0
54 25 0 0 0 0 0 0 0 0 6 1 0 0
55 21 0 0 0 0 0 0 0 0 0 0 0 0
56 5 1 1 0 0 0 0 0 0 1 0 0 0
59 4 0 0 0 0 0 0 0 0 1 1 0 0
62 4 1 1 0 0 0 0 0 0 1 0 0 0
64 4 0 0 0 0 0 0 0 0 0 0 0 0
68 29 0 0 0 0 0 29 8 8 0 0 0 0
72 7 1 1 4 0 0 0 0 0 2 1 0 0
84 3 0 0 1 0 0 0 0 0 1 1 0 0
85 5 1 1 3 0 0 0 0 0 1 0 0 0
86 5 0 0 3 0 0 0 0 0 1 0 0 0
87 5 0 0 3 0 0 0 0 0 1 0 0 0
88 4 0 0 2 0 0 0 0 0 1 1 0 0
89 5 1 1 3 0 0 0 0 0 1 0 0 0
90 5 0 0 3 0 0 0 0 0 1 0 0 0
91 5 1 1 3 0 0 0 0 0 1 0 0 0
103 9 0 0 3 0 0 1 0 0 2 0 0 0
110 3 0 0 1 0 0 0 0 0 1 1 0 0
115 2 1 1 1 0 0 0 0 0 1 0 0 0
122 3 0 0 2 0 0 0 0 0 1 0 0 0
123 4 1 1 3 0 0 0 0 0 1 0 0 0
129 3 0 0 1 0 0 0 0 0 1 1 0 0
147 4 0 0 2 0 0 0 0 0 1 0 0 0
152 2 1 1 1 0 0 1 1 1 0 0 0 0
154 2 0 0 0 0 0 0 0 0 1 1 0 0
156 2 0 0 0 0 0 0 0 0 1 1 0 0
158 2 0 0 0 0 0 0 0 0 1 0 0 0
159 2 0 0 1 0 0 1 0 0 0 0 0 0
162 4 1 1 2 0 0 0 0 0 1 0 0 0
164 3 0 0 1 0 0 1 0 0 0 0 0 0
165 2 0 0 0 0 0 0 0 0 1 1 0 0
174 2 0 0 1 0 0 0 0 0 0 0 0 0
175 3 1 1 0 0 0 0 0 0 1 1 0 0
180 2 0 0 0 0 0 0 0 0 1 0 0 0
181 3 1 1 2 0 0 1 0 0 0 0 0 0
184 3 0 0 2 0 0 0 0 0 1 1 0 0
fl=./elf/./setup-vdso.h
fn=dl_main
24 2 0 0 1 0 0 0 0 0 1 1 0 0
fl=./io/../sysdeps/unix/sysv/linux/access.c
fn=access
25 1 0 0 0 0 0 0 0 0 0 0 0 0
27 7 0 0 0 0 0 1 0 0 1 1 0 0
31 1 0 0 1 0 0 0 0 0 0 0 0 0
fl=./io/../sysdeps/unix/sysv/linux/close.c
fn=close
26 2 1 1 0 0 0 0 0 0 0 0 0 0
27 12 0 0 2 0 0 0 0 0 4 0 0 0
28 2 0 0 2 0 0 0 0 0 0 0 0 0
fl=./io/../sysdeps/unix/sysv/linux/close_nocancel.c
fn=__GI___close_nocancel
25 11 1 1 0 0 0 0 0 0 0 0 0 0
26 44 0 0 0 0 0 0 0 0 11 0 0 0
27 11 0 0 11 0 0 0 0 0 0 0 0 0
fl=./io/../sysdeps/unix/sysv/linux/fstat64.c
fn=fstat
30 11 1 1 0 0 0 0 0 0 0 0 0 0
39 44 1 1 0 0 0 0 0 0 11 5 0 0
72 11 0 0 11 0 0 0 0 0 0 0 0 0
fl=./io/../sysdeps/unix/sysv/linux/fstatat64.c
fn=fstatat
91 6 0 0 0 0 0 0 0 0 0 0 0 0
146 6 0 0 0 0 0 0 0 0 0 0 0 0
160 4 1 1 0 0 0 2 0 0 0 0 0 0
161 11 0 0 2 0 0 0 0 0 3 3 0 0
162 1 0 0 1 0 0 0 0 0 0 0 0 0
fl=./io/../sysdeps/unix/sysv/linux/open64.c
fn=open
30 24 2 2 2 0 0 10 0 0 0 0 0 0
33 14 0 0 0 0 0 0 0 0 4 0 0 0
41 18 1 1 2 0 0 0 0 0 4 0 0 0
43 16 0 0 12 0 0 0 0 0 2 0 0 0
fl=./io/../sysdeps/unix/sysv/linux/open64_nocancel.c
fn=__open_nocancel
28 88 1 1 0 0 0 44 2 2 0 0 0 0
31 154 0 0 0 0 0 0 0 0 44 0 0 0
39 187 1 1 0 0 0 11 0 0 22 4 0 0
41 44 0 0 44 0 0 0 0 0 0 0 0 0
fl=./io/../sysdeps/unix/sysv/linux/pread64_nocancel.c
fn=__pread64_nocancel
25 4 0 0 0 0 0 0 0 0 0 0 0 0
26 8 0 0 0 0 0 0 0 0 2 0 0 0
27 2 0 0 2 0 0 0 0 0 0 0 0 0
fl=./io/../sysdeps/unix/sysv/linux/read.c
fn=read
25 2 1 1 0 0 0 0 0 0 0 0 0 0
26 12 0 0 2 0 0 0 0 0 4 0 0 0
27 2 0 0 2 0 0 0 0 0 0 0 0 0
fl=./io/../sysdeps/unix/sysv/linux/read_nocancel.c
fn=__read_nocancel
25 10 1 1 0 0 0 0 0 0 0 0 0 0
26 40 0 0 0 0 0 0 0 0 10 0 0 0
27 10 0 0 10 0 0 0 0 0 0 0 0 0
fl=./io/../sysdeps/unix/sysv/linux/stat64.c
fn=stat
28 6 0 0 0 0 0 0 0 0 0 0 0 0
29 12 0 0 0 0 0 0 0 0 0 0 0 0
fl=./io/../sysdeps/unix/sysv/linux/write.c
fn=write
25 17 1 1 0 0 0 0 0 0 0 0 0 0
26 102 0 0 17 0 0 0 0 0 34 1 0 0
27 17 0 0 17 0 0 0 0 0 0 0 0 0
fl=./libio/./libio/genops.c
fn=_IO_cleanup
776 6 0 0 0 0 0 3 0 0 0 0 0 0
777 10 2 2 5 0 0 2 0 0 1 1 0 0
780 13 1 1 4 0 0 0 0 0 4 3 0 0
784 3 0 0 0 0 0 3 0 0 0 0 0 0
785 36 2 2 15 0 0 6 0 0 6 3 0 0
792 7 0 0 0 0 0 0 0 0 3 2 0 0
794 6 0 0 2 0 0 0 0 0 2 2 0 0
814 3 0 0 0 0 0 3 0 0 0 0 0 0
816 29 2 2 6 0 0 6 0 0 8 3 0 0
817 3 1 1 0 0 0 3 0 0 0 0 0 0
821 7 0 0 2 0 0 2 0 0 2 0 0 0
822 2 0 0 0 0 0 1 0 0 0 0 0 0
842 12 2 2 1 0 0 7 0 0 0 0 0 0
843 2 0 0 0 0 0 1 0 0 0 0 0 0
855 12 1 1 9 0 0 0 0 0 1 0 0 0
fn=_IO_flush_all
686 12 1 1 1 0 0 7 0 0 0 0 0 0
687 3 1 1 0 0 0 0 0 0 0 0 0 0
691 6 1 1 0 0 0 3 0 0 0 0 0 0
692 9 2 2 4 1 1 2 0 0 1 1 0 0
695 12 0 0 4 2 0 0 0 0 4 2 0 0
697 3 1 1 0 0 0 3 0 0 0 0 0 0
698 36 1 1 15 5 1 6 0 0 6 3 0 0
700 21 2 2 9 2 2 0 0 0 6 0 0 0
708 33 2 2 12 0 0 6 0 0 9 0 0 0
709 3 0 0 0 0 0 3 0 0 0 0 0 0
713 7 2 2 2 0 0 2 0 0 2 0 0 0
714 2 0 0 0 0 0 1 0 0 0 0 0 0
718 12 0 0 9 0 0 0 0 0 1 1 0 0
fl=./libio/./libio/libioP.h
fn=_IO_cleanup
1025 1 1 1 0 0 0 0 0 0 0 0 0 0
fn=_IO_flush_all
1025 2 0 0 0 0 0 0 0 0 0 0 0 0
fl=./libio/./libio/vtables.c
fn=check_stdfiles_vtables
545 1 1 1 0 0 0 0 0 0 0 0 0 0
546 4 0 0 2 2 0 0 0 0 1 1 0 0
547 3 1 1 2 1 0 0 0 0 1 1 0 0
548 3 0 0 2 1 0 0 0 0 1 0 0 0
550 1 0 0 1 0 0 0 0 0 0 0 0 0
fl=./malloc/../string/bits/string_fortified.h
fn=tcache_init.part.0
59 88 1 1 0 0 0 81 9 9 80 10 0 0
fl=./malloc/../sysdeps/unix/sysv/linux/not-cancel.h
fn=ptmalloc_init.part.0
97 6 1 1 0 0 0 0 0 0 0 0 0 0
fl=./malloc/./malloc/arena.c
fn=free
153 33 0 0 0 0 0 0 0 0 11 2 0 0
fn=malloc
153 16 0 0 0 0 0 0 0 0 8 2 0 0
264 1 1 1 0 0 0 1 0 0 0 0 0 0
fn=ptmalloc_init.part.0
262 8 1 1 1 0 0 4 0 0 0 0 0 0
267 1 0 0 0 0 0 1 0 0 0 0 0 0
292 2 1 1 1 0 0 0 0 0 1 1 0 0
296 3 0 0 1 1 0 1 0 0 0 0 0 0
300 4 0 0 0 0 0 1 0 0 0 0 0 0
301 4 1 1 0 0 0 1 0 0 0 0 0 0
302 4 0 0 0 0 0 1 0 0 0 0 0 0
303 4 0 0 0 0 0 1 0 0 0 0 0 0
304 4 1 1 0 0 0 1 0 0 0 0 0 0
305 4 0 0 0 0 0 1 0 0 0 0 0 0
306 4 0 0 0 0 0 1 0 0 0 0 0 0
308 4 1 1 0 0 0 1 0 0 0 0 0 0
309 4 0 0 0 0 0 1 0 0 0 0 0 0
310 4 0 0 0 0 0 1 0 0 0 0 0 0
313 4 0 0 0 0 0 1 0 0 0 0 0 0
314 4 1 1 0 0 0 1 0 0 0 0 0 0
316 2 0 0 1 1 1 0 0 0 1 0 0 0
326 8 0 0 6 0 0 0 0 0 1 0 0 0
fl=./malloc/./malloc/malloc.c
fn=_int_free
3163 22 1 1 11 0 0 11 0 0 0 0 0 0
3165 44 0 0 11 0 0 11 0 0 0 0 0 0
3166 11 0 0 0 0 0 11 0 0 0 0 0 0
3167 22 0 0 0 0 0 11 0 0 0 0 0 0
4495 77 1 1 0 0 0 44 0 0 0 0 0 0
4499 33 1 1 11 0 0 0 0 0 0 0 0 0
4505 44 0 0 0 0 0 0 0 0 11 0 0 0
4506 22 0 0 0 0 0 0 0 0 11 0 0 0
4510 55 0 0 0 0 0 0 0 0 11 0 0 0
4517 22 0 0 0 0 0 0 0 0 0 0 0 0
4518 66 1 1 33 0 0 0 0 0 22 0 0 0
4521 11 0 0 0 0 0 0 0 0 0 0 0 0
4527 33 0 0 22 1 1 0 0 0 11 0 0 0
4547 55 1 1 22 0 0 0 0 0 11 1 0 0
4550 11 0 0 0 0 0 0 0 0 0 0 0 0
4658 66 1 1 55 0 0 0 0 0 0 0 0 0
fn=_int_malloc
1326 18 0 0 0 0 0 0 0 0 9 0 0 0
1345 54 0 0 0 0 0 0 0 0 9 2 0 0
1794 5 1 1 5 0 0 0 0 0 0 0 0 0
2008 8 1 1 2 0 0 0 0 0 2 1 0 0
2017 2 1 1 2 0 0 0 0 0 0 0 0 0
2552 6 1 1 2 0 0 2 0 0 0 0 0 0
2553 1 1 1 0 0 0 1 0 0 0 0 0 0
2564 2 1 1 1 0 0 0 0 0 1 1 0 0
2589 4 0 0 1 0 0 1 0 0 0 0 0 0
2590 2 0 0 0 0 0 1 0 0 0 0 0 0
2599 4 1 1 0 0 0 0 0 0 1 1 0 0
2608 3 1 1 0 0 0 0 0 0 1 1 0 0
2669 3 1 1 1 0 0 1 0 0 0 0 0 0
2677 2 0 0 1 0 0 0 0 0 1 0 0 0
2678 3 0 0 1 0 0 1 0 0 0 0 0 0
2691 3 1 1 1 0 0 0 0 0 1 0 0 0
2693 1 0 0 1 0 0 0 0 0 0 0 0 0
2699 5 0 0 1 0 0 1 0 0 0 0 0 0
2707 2 0 0 0 0 0 0 0 0 1 1 0 0
2709 4 2 2 0 0 0 2 0 0 0 0 0 0
2710 3 0 0 1 0 0 0 0 0 1 0 0 0
2711 1 0 0 0 0 0 0 0 0 0 0 0 0
2712 1 0 0 0 0 0 0 0 0 0 0 0 0
2715 2 0 0 0 0 0 0 0 0 1 0 0 0
2744 3 0 0 1 1 1 0 0 0 1 1 0 0
2745 1 1 1 0 0 0 1 0 0 0 0 0 0
2746 2 0 0 0 0 0 1 0 0 0 0 0 0
2752 8 0 0 1 0 0 0 0 0 1 0 0 0
2755 4 1 1 2 0 0 0 0 0 2 2 0 0
2782 2 0 0 0 0 0 0 0 0 0 0 0 0
2783 1 0 0 0 0 0 0 0 0 0 0 0 0
2795 3 1 1 0 0 0 0 0 0 1 1 0 0
2814 2 0 0 1 0 0 0 0 0 0 0 0 0
2817 2 0 0 0 0 0 0 0 0 0 0 0 0
2818 6 1 1 1 0 0 0 0 0 0 0 0 0
2820 1 0 0 0 0 0 0 0 0 1 0 0 0
2821 6 0 0 0 0 0 4 0 0 0 0 0 0
2833 5 0 0 3 0 0 0 0 0 1 0 0 0
2873 1 0 0 0 0 0 0 0 0 0 0 0 0
2875 1 0 0 0 0 0 1 0 0 0 0 0 0
2876 5 0 0 0 0 0 1 1 1 0 0 0 0
2877 1 0 0 1 0 0 0 0 0 0 0 0 0
2888 3 1 1 1 0 0 0 0 0 1 0 0 0
2921 3 1 1 2 0 0 0 0 0 1 0 0 0
2922 1 0 0 0 0 0 1 0 0 0 0 0 0
2926 1 0 0 1 0 0 0 0 0 0 0 0 0
2930 5 1 1 2 0 0 0 0 0 1 0 0 0
2932 1 0 0 0 0 0 0 0 0 0 0 0 0
2933 1 0 0 0 0 0 0 0 0 0 0 0 0
2934 1 0 0 0 0 0 1 0 0 0 0 0 0
2935 7 0 0 0 0 0 1 0 0 0 0 0 0
2936 2 0 0 0 0 0 1 1 1 0 0 0 0
2938 1 0 0 0 0 0 0 0 0 0 0 0 0
3846 99 2 2 9 0 0 63 1 0 0 0 0 0
3882 1 0 0 0 0 0 0 0 0 0 0 0 0
3887 18 1 1 0 0 0 0 0 0 9 0 0 0
3914 30 0 0 4 0 0 0 0 0 9 4 0 0
3916 12 0 0 0 0 0 0 0 0 0 0 0 0
3919 11 0 0 7 0 0 0 0 0 0 0 0 0
3921 14 0 0 0 0 0 0 0 0 7 3 0 0
3930 21 2 2 0 0 0 0 0 0 0 0 0 0
3977 4 1 1 0 0 0 0 0 0 2 2 0 0
3979 18 0 0 0 0 0 0 0 0 0 0 0 0
3980 18 1 1 0 0 0 0 0 0 0 0 0 0
3982 27 0 0 9 0 0 0 0 0 9 6 0 0
4058 25 0 0 8 0 0 0 0 0 0 0 0 0
4059 27 0 0 0 0 0 9 0 0 0 0 0 0
4060 27 1 1 18 0 0 0 0 0 9 1 0 0
4070 47 2 2 9 0 0 9 0 0 9 6 0 0
4257 27 1 1 0 0 0 0 0 0 9 6 0 0
4263 9 1 1 0 0 0 0 0 0 0 0 0 0
4330 9 0 0 0 0 0 0 0 0 0 0 0 0
4331 18 0 0 0 0 0 0 0 0 0 0 0 0
4332 18 0 0 0 0 0 0 0 0 0 0 0 0
4333 18 0 0 9 0 0 0 0 0 0 0 0 0
4334 54 0 0 0 0 0 0 0 0 0 0 0 0
4339 36 1 1 0 0 0 0 0 0 9 1 0 0
4343 97 1 1 0 0 0 0 0 0 35 4 0 0
4346 104 1 1 26 0 0 0 0 0 26 1 0 0
4443 9 1 1 9 0 0 0 0 0 0 0 0 0
4444 18 0 0 9 0 0 0 0 0 0 0 0 0
4446 18 0 0 9 0 0 0 0 0 9 0 0 0
4449 27 0 0 0 0 0 0 0 0 9 2 0 0
4451 8 0 0 0 0 0 0 0 0 0 0 0 0
4452 16 0 0 0 0 0 0 0 0 0 0 0 0
4453 8 0 0 0 0 0 8 0 0 0 0 0 0
4454 64 1 1 0 0 0 8 0 0 0 0 0 0
4456 16 0 0 0 0 0 8 5 5 0 0 0 0
4459 16 0 0 0 0 0 0 0 0 0 0 0 0
4460 27 1 1 0 0 0 9 0 0 0 0 0 0
4461 9 0 0 0 0 0 0 0 0 0 0 0 0
4466 4 0 0 1 0 0 1 0 0 1 1 0 0
4482 1 0 0 0 0 0 0 0 0 0 0 0 0
4487 108 2 2 81 0 0 0 0 0 9 0 0 0
fn=alloc_perturb
1985 27 1 1 9 0 0 0 0 0 9 0 0 0
1987 9 0 0 9 0 0 0 0 0 0 0 0 0
fn=free
3359 77 2 2 0 0 0 44 0 0 0 0 0 0
3363 22 0 0 0 0 0 0 0 0 11 0 0 0
3371 22 0 0 22 0 0 0 0 0 0 0 0 0
3373 11 0 0 0 0 0 0 0 0 0 0 0 0
3375 33 0 0 11 0 0 0 0 0 11 0 0 0
3392 33 0 0 22 0 0 0 0 0 11 0 0 0
3398 33 1 1 0 0 0 11 0 0 0 0 0 0
3401 11 0 0 0 0 0 11 0 0 0 0 0 0
3402 66 0 0 55 0 0 0 0 0 0 0 0 0
fn=malloc
1326 24 0 0 0 0 0 0 0 0 12 1 0 0
1345 54 1 1 0 0 0 0 0 0 12 4 0 0
3178 8 0 0 4 0 0 0 0 0 0 0 0 0
3182 8 0 0 0 0 0 0 0 0 4 0 0 0
3186 16 0 0 4 0 0 4 0 0 0 0 0 0
3190 8 0 0 0 0 0 4 0 0 0 0 0 0
3191 4 0 0 0 0 0 4 0 0 0 0 0 0
3248 4 1 1 2 0 0 1 0 0 1 0 0 0
3294 96 1 1 0 0 0 48 0 0 0 0 0 0
3301 24 0 0 12 1 1 0 0 0 12 1 0 0
3311 12 0 0 0 0 0 0 0 0 0 0 0 0
3313 48 0 0 24 0 0 0 0 0 12 3 0 0
3316 24 1 1 12 0 0 0 0 0 12 8 0 0
3317 4 0 0 1 0 0 0 0 0 1 0 0 0
3318 36 0 0 12 0 0 0 0 0 12 9 0 0
3326 16 1 1 8 0 0 0 0 0 8 5 0 0
3328 32 1 1 0 0 0 8 0 0 0 0 0 0
3329 40 1 1 8 0 0 0 0 0 8 0 0 0
3354 72 0 0 60 0 0 0 0 0 0 0 0 0
fn=ptmalloc_init.part.0
1946 385 1 1 0 0 0 0 0 0 127 7 0 0
1949 381 0 0 0 0 0 127 33 32 0 0 0 0
1957 1 0 0 0 0 0 1 0 0 0 0 0 0
1958 1 0 0 0 0 0 1 1 1 0 0 0 0
1960 1 0 0 0 0 0 1 0 0 0 0 0 0
3143 2 0 0 0 0 0 0 0 0 1 1 0 0
fn=tcache_init.part.0
3242 4 1 1 0 0 0 2 0 0 0 0 0 0
3251 8 0 0 3 0 0 0 0 0 2 1 0 0
3252 3 1 1 0 0 0 1 0 0 0 0 0 0
3253 2 0 0 0 0 0 0 0 0 1 1 0 0
3261 4 0 0 2 0 0 0 0 0 2 0 0 0
3270 2 0 0 1 0 0 1 0 0 0 0 0 0
3274 3 0 0 3 0 0 0 0 0 0 0 0 0
fl=./malloc/./malloc/morecore.c
fn=__glibc_morecore
25 6 1 1 0 0 0 2 0 0 0 0 0 0
26 4 0 0 2 0 0 0 0 0 2 0 0 0
29 2 0 0 0 0 0 2 0 0 0 0 0 0
30 4 0 0 0 0 0 0 0 0 2 0 0 0
34 4 0 0 4 0 0 0 0 0 0 0 0 0
fl=./malloc/./malloc/scratch_buffer_set_array_size.c
fn=__libc_scratch_buffer_set_array_size
30 130 1 1 0 0 0 40 0 0 0 0 0 0
34 10 0 0 0 0 0 0 0 0 0 0 0 0
35 20 0 0 0 0 0 0 0 0 10 2 0 0
45 20 0 0 10 0 0 0 0 0 10 2 0 0
46 10 0 0 0 0 0 0 0 0 0 0 0 0
63 60 1 1 50 0 0 0 0 0 0 0 0 0
fl=./math/../sysdeps/x86_64/fpu/multiarch/e_asin.c
fn=__acos_finite@GLIBC_2.15
35 1 1 1 0 0 0 0 0 0 0 0 0 0
fn=__asin_finite@GLIBC_2.15
27 2 1 1 1 0 0 0 0 0 0 0 0 0
fl=./math/../sysdeps/x86_64/fpu/multiarch/e_atan2.c
fn=__atan2_finite@GLIBC_2.15
26 2 1 1 1 0 0 0 0 0 0 0 0 0
fl=./math/../sysdeps/x86_64/fpu/multiarch/e_exp.c
fn=__exp_finite@GLIBC_2.15
27 2 2 2 1 0 0 0 0 0 0 0 0 0
fl=./math/../sysdeps/x86_64/fpu/multiarch/e_exp2f.c
fn=exp2f@@GLIBC_2.27
27 2 1 1 1 0 0 0 0 0 0 0 0 0
fl=./math/../sysdeps/x86_64/fpu/multiarch/e_expf.c
fn=expf@@GLIBC_2.27
27 2 1 1 1 0 0 0 0 0 0 0 0 0
fl=./math/../sysdeps/x86_64/fpu/multiarch/e_log.c
fn=__log_finite@GLIBC_2.15
27 2 2 2 1 0 0 0 0 0 0 0 0 0
fl=./math/../sysdeps/x86_64/fpu/multiarch/e_log2.c
fn=log2@@GLIBC_2.29
27 2 1 1 1 0 0 0 0 0 0 0 0 0
fl=./math/../sysdeps/x86_64/fpu/multiarch/e_log2f.c
fn=log2f@@GLIBC_2.27
27 2 1 1 1 0 0 0 0 0 0 0 0 0
fl=./math/../sysdeps/x86_64/fpu/multiarch/e_logf.c
fn=logf@@GLIBC_2.27
27 2 1 1 1 0 0 0 0 0 0 0 0 0
fl=./math/../sysdeps/x86_64/fpu/multiarch/e_pow.c
fn=__pow_finite@GLIBC_2.15
27 2 1 1 1 0 0 0 0 0 0 0 0 0
fl=./math/../sysdeps/x86_64/fpu/multiarch/e_powf.c
fn=powf@@GLIBC_2.27
30 1 1 1 0 0 0 0 0 0 0 0 0 0
fl=./math/../sysdeps/x86_64/fpu/multiarch/ifunc-avx-fma4.h
fn=__atan2_finite@GLIBC_2.15
32 5 0 0 2 0 0 0 0 0 1 0 0 0
33 2 1 1 1 0 0 0 0 0 1 1 0 0
fn=__exp_finite@GLIBC_2.15
32 5 0 0 2 0 0 0 0 0 1 0 0 0
33 2 0 0 1 0 0 0 0 0 1 1 0 0
fn=__log_finite@GLIBC_2.15
32 5 0 0 2 0 0 0 0 0 1 0 0 0
33 2 0 0 1 0 0 0 0 0 1 1 0 0
fn=cos
32 10 1 1 4 0 0 0 0 0 2 0 0 0
33 4 0 0 2 0 0 0 0 0 2 2 0 0
fn=sin
32 10 0 0 4 0 0 0 0 0 2 0 0 0
33 4 0 0 2 0 0 0 0 0 2 2 0 0
fn=tan
32 5 0 0 2 2 0 0 0 0 1 0 0 0
33 2 0 0 1 1 0 0 0 0 1 1 0 0
fl=./math/../sysdeps/x86_64/fpu/multiarch/ifunc-fma.h
fn=__log1p
29 4 0 0 2 0 0 0 0 0 1 0 0 0
30 3 0 0 1 0 0 0 0 0 0 0 0 0
fn=cosf
29 4 0 0 2 1 0 0 0 0 1 0 0 0
30 3 0 0 1 0 0 0 0 0 0 0 0 0
fn=exp2f@@GLIBC_2.27
29 4 0 0 2 0 0 0 0 0 1 0 0 0
30 3 0 0 1 0 0 0 0 0 0 0 0 0
fn=expf@@GLIBC_2.27
29 4 1 1 2 0 0 0 0 0 1 0 0 0
30 3 0 0 1 0 0 0 0 0 0 0 0 0
fn=expm1
29 4 0 0 2 0 0 0 0 0 1 0 0 0
30 3 1 1 1 0 0 0 0 0 0 0 0 0
fn=log2@@GLIBC_2.29
29 4 0 0 2 0 0 0 0 0 1 0 0 0
30 3 0 0 1 0 0 0 0 0 0 0 0 0
fn=log2f@@GLIBC_2.27
29 4 0 0 2 0 0 0 0 0 1 0 0 0
30 3 1 1 1 0 0 0 0 0 0 0 0 0
fn=logf@@GLIBC_2.27
29 4 0 0 2 0 0 0 0 0 1 0 0 0
30 3 0 0 1 0 0 0 0 0 0 0 0 0
fn=powf@@GLIBC_2.27
29 4 0 0 2 0 0 0 0 0 1 0 0 0
30 4 0 0 2 0 0 0 0 0 0 0 0 0
fn=sincosf
29 4 1 1 2 0 0 0 0 0 1 0 0 0
30 3 0 0 1 0 0 0 0 0 0 0 0 0
fn=sinf
29 4 0 0 2 0 0 0 0 0 1 0 0 0
30 3 0 0 1 0 0 0 0 0 0 0 0 0
fl=./math/../sysdeps/x86_64/fpu/multiarch/ifunc-fma4.h
fn=__acos_finite@GLIBC_2.15
31 4 0 0 2 0 0 0 0 0 1 0 0 0
32 2 1 1 1 0 0 0 0 0 1 1 0 0
35 1 0 0 1 0 0 0 0 0 0 0 0 0
fn=__asin_finite@GLIBC_2.15
31 4 0 0 2 0 0 0 0 0 1 0 0 0
32 2 0 0 1 0 0 0 0 0 1 1 0 0
fn=__pow_finite@GLIBC_2.15
31 4 1 1 2 0 0 0 0 0 1 0 0 0
32 2 0 0 1 0 0 0 0 0 1 1 0 0
fn=sincos
31 4 1 1 2 0 0 0 0 0 1 0 0 0
32 2 0 0 1 0 0 0 0 0 1 1 0 0
fl=./math/../sysdeps/x86_64/fpu/multiarch/s_cosf.c
fn=cosf
26 2 1 1 1 0 0 0 0 0 0 0 0 0
fl=./math/../sysdeps/x86_64/fpu/multiarch/s_expm1.c
fn=expm1
26 2 1 1 1 0 0 0 0 0 0 0 0 0
fl=./math/../sysdeps/x86_64/fpu/multiarch/s_fma.c
fn=fma
49 6 2 2 3 0 0 0 0 0 1 1 0 0
fl=./math/../sysdeps/x86_64/fpu/multiarch/s_log1p.c
fn=__log1p
26 2 1 1 1 0 0 0 0 0 0 0 0 0
fl=./math/../sysdeps/x86_64/fpu/multiarch/s_sin.c
fn=cos
34 4 1 1 2 0 0 0 0 0 0 0 0 0
fn=sin
27 4 1 1 2 0 0 0 0 0 0 0 0 0
fl=./math/../sysdeps/x86_64/fpu/multiarch/s_sincos.c
fn=sincos
26 2 1 1 1 0 0 0 0 0 0 0 0 0
fl=./math/../sysdeps/x86_64/fpu/multiarch/s_sincosf.c
fn=sincosf
26 2 1 1 1 0 0 0 0 0 0 0 0 0
fl=./math/../sysdeps/x86_64/fpu/multiarch/s_sinf.c
fn=sinf
26 2 1 1 1 0 0 0 0 0 0 0 0 0
fl=./math/../sysdeps/x86_64/fpu/multiarch/s_tan.c
fn=tan
26 2 2 2 1 0 0 0 0 0 0 0 0 0
fl=./misc/../sysdeps/unix/syscall-template.S
fn=mprotect
117 60 2 2 0 0 0 0 0 0 12 2 0 0
122 12 0 0 12 0 0 0 0 0 0 0 0 0
fn=munmap
117 5 0 0 0 0 0 0 0 0 1 0 0 0
122 1 0 0 1 0 0 0 0 0 0 0 0 0
fl=./misc/../sysdeps/unix/sysv/linux/brk.c
fn=brk
36 2 1 1 0 0 0 0 0 0 0 0 0 0
37 4 1 1 2 0 0 2 0 0 0 0 0 0
38 4 0 0 0 0 0 0 0 0 2 0 0 0
44 2 0 0 0 0 0 0 0 0 0 0 0 0
45 2 0 0 2 0 0 0 0 0 0 0 0 0
fl=./misc/../sysdeps/unix/sysv/linux/brk_call.h
fn=brk
24 4 0 0 0 0 0 0 0 0 0 0 0 0
fl=./misc/../sysdeps/unix/sysv/linux/mmap64.c
fn=mmap
47 329 1 1 0 0 0 141 1 1 0 0 0 0
50 94 0 0 0 0 0 0 0 0 47 0 0 0
53 189 1 1 10 0 0 0 0 0 72 13 0 0
58 282 0 0 0 0 0 0 0 0 47 0 0 0
60 188 0 0 188 0 0 0 0 0 0 0 0 0
fl=./misc/../sysdeps/unix/sysv/linux/setvmaname.c
fn=__set_vma_name
33 13 2 2 0 0 0 4 1 1 0 0 0 0
35 15 0 0 7 0 0 0 0 0 4 1 0 0
40 7 0 0 1 0 0 1 0 0 1 1 0 0
47 1 1 1 0 0 0 1 0 0 0 0 0 0
49 6 0 0 5 0 0 0 0 0 0 0 0 0
fl=./misc/./misc/init-misc.c
fn=__init_misc
30 5 1 1 0 0 0 3 0 0 0 0 0 0
31 6 1 1 1 0 0 0 0 0 2 0 0 0
33 3 0 0 0 0 0 1 0 0 0 0 0 0
37 5 0 0 1 0 0 1 1 0 0 0 0 0
38 3 0 0 2 0 0 1 0 0 0 0 0 0
40 4 0 0 4 0 0 0 0 0 0 0 0 0
fl=./misc/./misc/sbrk.c
fn=sbrk
37 16 2 2 0 0 0 8 0 0 0 0 0 0
40 4 0 0 4 0 0 0 0 0 0 0 0 0
43 4 0 0 2 0 0 0 0 0 2 1 0 0
58 4 1 1 0 0 0 0 0 0 2 1 0 0
59 4 1 1 0 0 0 1 0 0 1 0 0 0
62 4 0 0 0 0 0 0 0 0 2 1 0 0
63 2 1 1 1 0 0 0 0 0 0 0 0 0
66 4 0 0 0 0 0 0 0 0 2 1 0 0
74 3 0 0 0 0 0 1 0 0 1 1 0 0
78 14 0 0 10 0 0 0 0 0 0 0 0 0
fl=./nptl/../string/bits/string_fortified.h
fn=pthread_mutex_init@@GLIBC_2.2.5
59 15 2 2 0 0 0 9 0 0 0 0 0 0
fl=./nptl/../sysdeps/unix/sysv/linux/x86/elision-conf.c
fn=__lll_elision_init
92 8 1 1 1 0 0 3 0 0 0 0 0 0
96 5 1 1 0 0 0 1 0 0 0 0 0 0
98 4 0 0 0 0 0 1 0 0 0 0 0 0
100 4 0 0 0 0 0 1 0 0 0 0 0 0
102 4 0 0 0 0 0 1 0 0 0 0 0 0
104 4 1 1 0 0 0 1 0 0 0 0 0 0
107 3 0 0 1 1 1 0 0 0 1 0 0 0
108 1 0 0 0 0 0 1 1 1 0 0 0 0
109 6 0 0 5 0 0 0 0 0 1 0 0 0
fl=./nptl/./nptl/libc-cleanup.c
fn=__libc_cleanup_pop_restore
54 2 0 0 0 0 0 0 0 0 0 0 0 0
55 2 0 0 2 0 0 0 0 0 0 0 0 0
57 4 0 0 2 0 0 2 0 0 0 0 0 0
59 2 0 0 2 0 0 0 0 0 0 0 0 0
60 6 1 1 2 0 0 0 0 0 2 2 0 0
71 2 0 0 2 0 0 0 0 0 0 0 0 0
fn=__libc_cleanup_push_defer
24 2 1 1 0 0 0 0 0 0 0 0 0 0
25 2 0 0 2 0 0 0 0 0 0 0 0 0
27 4 0 0 2 0 0 2 0 0 0 0 0 0
29 4 0 0 2 0 0 0 0 0 0 0 0 0
32 4 0 0 0 0 0 0 0 0 2 0 0 0
46 6 1 1 0 0 0 2 0 0 0 0 0 0
48 2 0 0 0 0 0 2 0 0 0 0 0 0
49 2 0 0 2 0 0 0 0 0 0 0 0 0
fl=./nptl/./nptl/pthread_mutex_conf.c
fn=__pthread_tunables_init
55 8 1 1 1 0 0 3 0 0 0 0 0 0
56 5 1 1 0 0 0 1 0 0 0 0 0 0
58 4 0 0 0 0 0 1 0 0 0 0 0 0
60 4 0 0 0 0 0 1 0 0 0 0 0 0
62 6 1 1 5 0 0 0 0 0 1 0 0 0
fl=./nptl/./nptl/pthread_mutex_init.c
fn=pthread_mutex_init@@GLIBC_2.2.5
53 36 1 1 3 0 0 18 0 0 0 0 0 0
65 9 0 0 0 0 0 0 0 0 3 3 0 0
92 6 0 0 0 0 0 0 0 0 0 0 0 0
105 18 1 1 0 0 0 0 0 0 6 0 0 0
136 12 0 0 0 0 0 0 0 0 0 0 0 0
140 3 0 0 0 0 0 3 0 0 0 0 0 0
149 3 0 0 0 0 0 0 0 0 0 0 0 0
151 3 0 0 0 0 0 0 0 0 0 0 0 0
152 30 0 0 24 0 0 0 0 0 3 1 0 0
fl=./nptl/./nptl/pthread_mutex_lock.c
fn=pthread_mutex_lock@@GLIBC_2.2.5
44 1 1 1 1 0 0 0 0 0 0 0 0 0
45 7 0 0 2 0 0 0 0 0 3 0 0 0
46 1 0 0 0 0 0 1 0 0 0 0 0 0
77 5 1 1 0 0 0 2 0 0 0 0 0 0
80 3 0 0 1 0 0 0 0 0 0 0 0 0
82 1 0 0 0 0 0 0 0 0 0 0 0 0
84 2 1 1 0 0 0 0 0 0 1 0 0 0
88 2 0 0 0 0 0 0 0 0 1 1 0 0
97 2 1 1 0 0 0 0 0 0 1 0 0 0
108 4 1 1 1 0 0 0 0 0 1 1 0 0
112 1 0 0 1 0 0 0 0 0 0 0 0 0
115 2 0 0 1 0 0 0 0 0 1 1 0 0
124 1 0 0 0 0 0 0 0 0 0 0 0 0
130 3 0 0 1 0 0 0 0 0 1 0 0 0
131 2 1 1 0 0 0 1 0 0 0 0 0 0
179 1 1 1 1 0 0 0 0 0 0 0 0 0
182 1 0 0 0 0 0 1 0 0 0 0 0 0
184 1 0 0 1 0 0 0 0 0 0 0 0 0
187 1 0 0 0 0 0 0 0 0 0 0 0 0
190 3 0 0 3 0 0 0 0 0 0 0 0 0
fl=./nptl/./nptl/pthread_mutex_unlock.c
fn=pthread_mutex_unlock@@GLIBC_2.2.5
39 1 0 0 1 0 0 0 0 0 0 0 0 0
40 4 0 0 1 0 0 0 0 0 2 0 0 0
41 1 0 0 0 0 0 1 0 0 0 0 0 0
51 3 0 0 1 0 0 0 0 0 0 0 0 0
52 2 1 1 0 0 0 0 0 0 1 0 0 0
57 2 0 0 0 0 0 0 0 0 1 1 0 0
62 1 0 0 0 0 0 1 0 0 0 0 0 0
65 1 0 0 1 0 0 0 0 0 0 0 0 0
70 1 0 0 0 0 0 0 0 0 0 0 0 0
72 1 0 0 0 0 0 0 0 0 0 0 0 0
74 2 1 1 0 0 0 0 0 0 1 1 0 0
80 4 1 1 1 0 0 0 0 0 1 0 0 0
84 3 0 0 2 0 0 0 0 0 1 0 0 0
87 2 0 0 1 0 0 0 0 0 1 1 0 0
367 4 1 1 0 0 0 1 0 0 0 0 0 0
369 2 0 0 2 0 0 0 0 0 0 0 0 0
fl=./posix/../malloc/dynarray-skeleton.c
fn=__unregister_atfork
243 10 0 0 10 1 1 0 0 0 0 0 0 0
fl=./posix/../sysdeps/unix/sysv/linux/_exit.c
fn=_Exit
27 2 1 1 1 0 0 0 0 0 0 0 0 0
30 4 0 0 0 0 0 0 0 0 0 0 0 0
fl=./posix/./posix/register-atfork.c
fn=__unregister_atfork
71 20 0 0 0 0 0 0 0 0 10 1 0 0
82 60 1 1 0 0 0 20 0 0 0 0 0 0
83 40 1 1 10 1 1 0 0 0 10 0 0 0
109 40 2 2 20 0 0 0 0 0 20 0 0 0
110 30 0 0 30 0 0 0 0 0 0 0 0 0
fl=./resource/../sysdeps/unix/sysv/linux/getrlimit64.c
fn=getrlimit
38 2 1 1 0 0 0 0 0 0 0 0 0 0
39 7 1 1 0 0 0 0 0 0 1 0 0 0
40 1 0 0 1 0 0 0 0 0 0 0 0 0
fl=./setjmp/../sysdeps/x86_64/bsd-_setjmp.S
fn=_setjmp
28 1 1 1 0 0 0 0 0 0 0 0 0 0
30 1 0 0 0 0 0 0 0 0 0 0 0 0
32 1 0 0 0 0 0 0 0 0 0 0 0 0
fl=./setjmp/../sysdeps/x86_64/setjmp.S
fn=__sigsetjmp
31 22 2 2 0 0 0 0 0 0 0 0 0 0
33 22 0 0 0 0 0 22 0 0 0 0 0 0
42 22 0 0 0 0 0 0 0 0 0 0 0 0
43 44 0 0 22 0 0 0 0 0 0 0 0 0
44 22 0 0 0 0 0 22 0 0 0 0 0 0
48 22 0 0 0 0 0 22 0 0 0 0 0 0
49 22 0 0 0 0 0 22 0 0 0 0 0 0
50 22 0 0 0 0 0 22 0 0 0 0 0 0
51 22 0 0 0 0 0 22 0 0 0 0 0 0
52 22 0 0 0 0 0 0 0 0 0 0 0 0
54 44 1 1 22 0 0 0 0 0 0 0 0 0
56 22 0 0 0 0 0 22 1 1 0 0 0 0
57 22 1 1 22 0 0 0 0 0 0 0 0 0
58 22 0 0 0 0 0 0 0 0 0 0 0 0
60 44 0 0 22 0 0 0 0 0 0 0 0 0
62 22 0 0 0 0 0 22 0 0 0 0 0 0
67 1 0 0 1 1 0 0 0 0 0 0 0 0
68 1 0 0 0 0 0 0 0 0 1 1 0 0
70 21 0 0 0 0 0 0 0 0 0 0 0 0
73 21 0 0 0 0 0 0 0 0 0 0 0 0
74 21 0 0 0 0 0 21 0 0 0 0 0 0
81 21 0 0 0 0 0 0 0 0 0 0 0 0
82 21 0 0 21 0 0 0 0 0 0 0 0 0
85 1 1 1 0 0 0 0 0 0 0 0 0 0
fl=./setjmp/./setjmp/sigjmp.c
fn=__sigjmp_save
28 6 0 0 0 0 0 2 0 0 0 0 0 0
29 1 0 0 0 0 0 1 0 0 0 0 0 0
30 2 0 0 0 0 0 0 0 0 1 0 0 0
34 4 0 0 3 0 0 0 0 0 0 0 0 0
fl=./stdlib/./stdlib/cxa_atexit.c
fn=__cxa_atexit
41 2 1 1 0 0 0 0 0 0 1 0 0 0
43 8 0 0 1 1 0 0 0 0 1 0 0 0
44 2 0 0 0 0 0 1 0 0 0 0 0 0
46 2 0 0 0 0 0 0 0 0 1 0 0 0
52 3 0 0 1 0 0 0 0 0 0 0 0 0
53 1 0 0 0 0 0 1 0 0 0 0 0 0
54 1 0 0 0 0 0 1 0 0 0 0 0 0
55 1 1 1 0 0 0 1 0 0 0 0 0 0
56 1 0 0 0 0 0 1 0 0 0 0 0 0
57 4 0 0 2 0 0 0 0 0 2 0 0 0
58 1 0 0 0 0 0 0 0 0 0 0 0 0
67 7 1 1 0 0 0 5 0 0 0 0 0 0
69 6 0 0 6 0 0 0 0 0 0 0 0 0
fn=__new_exitfn
80 5 1 1 0 0 0 3 0 0 0 0 0 0
81 1 0 0 0 0 0 0 0 0 0 0 0 0
86 2 0 0 1 1 1 0 0 0 1 0 0 0
91 10 0 0 2 1 0 0 0 0 2 1 0 0
93 4 1 1 1 1 0 0 0 0 1 0 0 0
101 1 0 0 0 0 0 1 0 0 0 0 0 0
122 1 0 0 0 0 0 0 0 0 0 0 0 0
123 1 1 1 0 0 0 1 0 0 0 0 0 0
134 1 0 0 0 0 0 0 0 0 0 0 0 0
136 1 1 1 0 0 0 1 0 0 0 0 0 0
137 1 0 0 1 0 0 0 0 0 0 0 0 0
141 5 0 0 4 0 0 0 0 0 0 0 0 0
fl=./stdlib/./stdlib/cxa_finalize.c
fn=__cxa_finalize
30 100 1 1 0 0 0 60 0 0 0 0 0 0
33 70 0 0 10 0 0 0 0 0 20 0 0 0
36 70 2 2 20 0 0 0 0 0 20 0 0 0
40 70 0 0 10 0 0 0 0 0 10 0 0 0
93 70 2 2 20 1 0 0 0 0 20 2 0 0
97 60 0 0 10 1 0 0 0 0 10 2 0 0
105 20 0 0 0 0 0 10 0 0 0 0 0 0
106 40 0 0 20 0 0 0 0 0 20 2 0 0
107 80 0 0 70 0 0 0 0 0 0 0 0 0
fl=./stdlib/./stdlib/cxa_thread_atexit_impl.c
fn=__call_tls_dtors
148 5 1 1 0 0 0 3 0 0 0 0 0 0
149 4 1 1 2 0 0 0 0 0 1 1 0 0
165 4 1 1 4 0 0 0 0 0 0 0 0 0
fl=./stdlib/./stdlib/exit.c
fn=__run_exit_handlers
38 12 1 1 0 0 0 8 0 0 0 0 0 0
40 2 0 0 0 0 0 0 0 0 1 1 0 0
41 2 1 1 0 0 0 1 0 0 0 0 0 0
43 5 1 1 1 0 0 0 0 0 1 0 0 0
54 2 0 0 2 0 0 0 0 0 0 0 0 0
56 2 0 0 0 0 0 0 0 0 1 0 0 0
60 1 0 0 0 0 0 1 0 0 0 0 0 0
64 6 0 0 2 0 0 0 0 0 2 1 0 0
66 2 1 1 0 0 0 1 0 0 0 0 0 0
67 1 0 0 1 0 0 0 0 0 0 0 0 0
69 7 0 0 1 0 0 0 0 0 2 0 0 0
94 2 0 0 0 0 0 0 0 0 0 0 0 0
101 1 0 0 0 0 0 1 0 0 0 0 0 0
102 1 1 1 1 0 0 0 0 0 0 0 0 0
103 1 0 0 1 0 0 0 0 0 0 0 0 0
104 3 0 0 1 0 0 0 0 0 0 0 0 0
107 4 0 0 2 0 0 0 0 0 2 0 0 0
108 3 0 0 0 0 0 1 0 0 0 0 1 1
109 4 1 1 1 0 0 0 0 0 1 1 0 0
113 3 1 1 1 0 0 0 0 0 1 1 0 0
119 3 1 1 2 0 0 1 0 0 0 0 0 0
120 2 0 0 0 0 0 0 0 0 1 1 0 0
126 4 1 1 2 0 0 0 0 0 2 1 0 0
128 2 0 0 1 0 0 0 0 0 1 1 0 0
129 2 0 0 0 0 0 1 0 0 0 0 0 0
131 2 0 0 0 0 0 1 0 0 0 0 0 0
fn=exit
137 3 1 1 0 0 0 1 0 0 0 0 0 0
138 4 0 0 0 0 0 1 0 0 0 0 0 0
fl=./string/../include/rtld-malloc.h
fn=strdup
56 22 0 0 11 0 0 11 0 0 0 0 11 1
fl=./string/../string/strcspn.c
fn=strcspn
32 6 1 1 0 0 0 2 0 0 0 0 0 0
33 3 0 0 1 1 1 0 0 0 1 0 0 0
34 2 0 0 1 0 0 0 0 0 1 0 0 0
39 6 0 0 0 0 0 4 1 1 0 0 0 0
40 4 1 1 0 0 0 4 1 1 0 0 0 0
41 4 0 0 0 0 0 4 1 1 0 0 0 0
42 4 0 0 0 0 0 4 1 1 0 0 0 0
44 1 0 0 0 0 0 0 0 0 0 0 0 0
47 9 1 1 3 0 0 3 0 0 0 0 0 0
48 6 0 0 0 0 0 0 0 0 3 2 0 0
51 4 0 0 2 0 0 0 0 0 1 0 0 0
52 4 0 0 2 0 0 0 0 0 1 0 0 0
53 4 1 1 2 0 0 0 0 0 1 0 0 0
54 4 0 0 2 0 0 0 0 0 1 0 0 0
56 3 0 0 0 0 0 0 0 0 0 0 0 0
61 13 0 0 0 0 0 0 0 0 0 0 0 0
62 26 0 0 26 1 1 0 0 0 0 0 0 0
63 26 1 1 26 0 0 0 0 0 0 0 0 0
64 26 0 0 26 0 0 0 0 0 0 0 0 0
65 13 0 0 13 0 0 0 0 0 0 0 0 0
67 78 0 0 13 0 0 0 0 0 13 10 0 0
69 1 0 0 0 0 0 0 0 0 0 0 0 0
70 4 0 0 0 0 0 0 0 0 1 0 0 0
71 3 0 0 3 0 0 0 0 0 0 0 0 0
fl=./string/../sysdeps/x86/cacheinfo.c
fn=__x86_cacheinfo
86 1 1 1 0 0 0 0 0 0 0 0 0 0
fl=./string/../sysdeps/x86/cacheinfo.h
fn=__x86_cacheinfo
59 1 0 0 1 0 0 0 0 0 0 0 0 0
62 3 1 1 1 1 0 0 0 0 1 0 0 0
64 3 0 0 0 0 0 1 0 0 0 0 0 0
65 1 0 0 0 0 0 1 1 1 0 0 0 0
71 3 0 0 1 0 0 0 0 0 1 0 0 0
73 3 1 1 0 0 0 1 0 0 0 0 0 0
74 1 0 0 0 0 0 1 0 0 0 0 0 0
78 2 0 0 1 0 0 1 1 1 0 0 0 0
80 2 0 0 1 0 0 1 0 0 0 0 0 0
81 2 0 0 1 0 0 1 0 0 0 0 0 0
82 2 0 0 1 0 0 1 0 0 0 0 0 0
84 2 1 1 1 1 0 0 0 0 1 1 0 0
86 2 0 0 1 0 0 0 0 0 0 0 0 0
fl=./string/../sysdeps/x86_64/multiarch/../multiarch/memcmp-sse2.S
fn=bcmp
59 1 1 1 0 0 0 0 0 0 0 0 0 0
71 1 0 0 0 0 0 0 0 0 0 0 0 0
72 1 0 0 0 0 0 0 0 0 1 0 0 0
94 1 0 0 0 0 0 0 0 0 0 0 0 0
95 1 0 0 0 0 0 0 0 0 1 1 0 0
140 1 1 1 1 0 0 0 0 0 0 0 0 0
141 1 0 0 1 0 0 0 0 0 0 0 0 0
143 1 0 0 0 0 0 0 0 0 0 0 0 0
144 1 0 0 0 0 0 0 0 0 1 0 0 0
146 1 0 0 1 0 0 0 0 0 0 0 0 0
147 1 0 0 1 0 0 0 0 0 0 0 0 0
149 1 0 0 0 0 0 0 0 0 0 0 0 0
150 1 0 0 0 0 0 0 0 0 1 1 0 0
197 1 0 0 0 0 0 0 0 0 0 0 0 0
198 1 0 0 0 0 0 0 0 0 0 0 0 0
199 1 0 0 0 0 0 0 0 0 0 0 0 0
200 1 0 0 0 0 0 0 0 0 0 0 0 0
201 1 0 0 0 0 0 0 0 0 0 0 0 0
202 1 0 0 1 0 0 0 0 0 0 0 0 0
fl=./string/../sysdeps/x86_64/multiarch/../multiarch/memset-vec-unaligned-erms.S
fn=memset
132 15 1 1 0 0 0 0 0 0 0 0 0 0
133 75 0 0 0 0 0 0 0 0 0 0 0 0
138 15 0 0 0 0 0 0 0 0 0 0 0 0
139 15 0 0 0 0 0 0 0 0 15 8 0 0
142 7 0 0 0 0 0 0 0 0 0 0 0 0
143 7 0 0 0 0 0 0 0 0 7 4 0 0
145 1 0 0 0 0 0 1 1 1 0 0 0 0
146 1 0 0 0 0 0 1 0 0 0 0 0 0
147 1 0 0 1 0 0 0 0 0 0 0 0 0
244 6 2 1 0 0 0 6 5 5 0 0 0 0
245 6 0 0 0 0 0 6 0 0 0 0 0 0
257 6 0 0 0 0 0 0 0 0 0 0 0 0
260 6 0 0 0 0 0 0 0 0 0 0 0 0
261 6 0 0 0 0 0 0 0 0 6 0 0 0
273 6 0 0 0 0 0 6 1 1 0 0 0 0
274 6 0 0 0 0 0 6 4 4 0 0 0 0
287 6 0 0 0 0 0 0 0 0 0 0 0 0
288 6 0 0 0 0 0 0 0 0 0 0 0 0
290 6 0 0 0 0 0 0 0 0 6 1 0 0
293 5 0 0 0 0 0 0 0 0 0 0 0 0
296 10 0 0 0 0 0 0 0 0 0 0 0 0
299 133 0 0 0 0 0 133 103 103 0 0 0 0
300 133 0 0 0 0 0 133 0 0 0 0 0 0
301 133 0 0 0 0 0 133 27 27 0 0 0 0
302 133 0 0 0 0 0 133 1 1 0 0 0 0
303 133 0 0 0 0 0 0 0 0 0 0 0 0
304 133 0 0 0 0 0 0 0 0 0 0 0 0
305 133 0 0 0 0 0 0 0 0 133 20 0 0
308 6 0 0 0 0 0 6 3 3 0 0 0 0
309 6 0 0 0 0 0 6 0 0 0 0 0 0
310 6 0 0 0 0 0 6 0 0 0 0 0 0
311 6 0 0 0 0 0 6 1 1 0 0 0 0
316 6 0 0 6 0 0 0 0 0 0 0 0 0
350 8 1 1 0 0 0 0 0 0 0 0 0 0
352 8 0 0 0 0 0 0 0 0 0 0 0 0
353 8 0 0 0 0 0 0 0 0 8 5 0 0
392 8 1 1 0 0 0 8 4 4 0 0 0 0
393 8 0 0 0 0 0 8 1 1 0 0 0 0
395 8 0 0 8 0 0 0 0 0 0 0 0 0
fl=./string/../sysdeps/x86_64/multiarch/../multiarch/strchr-sse2.S
fn=index
32 41 1 1 0 0 0 0 0 0 0 0 0 0
33 41 0 0 0 0 0 0 0 0 0 0 0 0
34 41 0 0 0 0 0 0 0 0 0 0 0 0
35 41 0 0 0 0 0 0 0 0 0 0 0 0
36 41 1 1 0 0 0 0 0 0 0 0 0 0
37 41 0 0 0 0 0 0 0 0 0 0 0 0
38 41 0 0 0 0 0 0 0 0 0 0 0 0
39 41 0 0 0 0 0 0 0 0 0 0 0 0
40 41 0 0 0 0 0 0 0 0 41 0 0 0
41 41 0 0 41 6 6 0 0 0 0 0 0 0
42 41 0 0 0 0 0 0 0 0 0 0 0 0
43 41 0 0 0 0 0 0 0 0 0 0 0 0
44 41 0 0 0 0 0 0 0 0 0 0 0 0
45 41 0 0 0 0 0 0 0 0 0 0 0 0
46 41 0 0 0 0 0 0 0 0 0 0 0 0
47 41 0 0 0 0 0 0 0 0 0 0 0 0
48 41 0 0 0 0 0 0 0 0 0 0 0 0
49 41 0 0 0 0 0 0 0 0 41 3 0 0
50 38 0 0 0 0 0 0 0 0 0 0 0 0
54 38 0 0 0 0 0 0 0 0 0 0 0 0
55 38 1 1 0 0 0 0 0 0 0 0 0 0
56 38 0 0 38 0 0 0 0 0 0 0 0 0
57 38 0 0 0 0 0 0 0 0 0 0 0 0
59 38 0 0 38 0 0 0 0 0 0 0 0 0
63 3 0 0 3 1 1 0 0 0 0 0 0 0
64 3 0 0 0 0 0 0 0 0 0 0 0 0
65 3 0 0 0 0 0 0 0 0 0 0 0 0
66 3 0 0 0 0 0 0 0 0 0 0 0 0
67 3 0 0 0 0 0 0 0 0 0 0 0 0
68 3 0 0 0 0 0 0 0 0 0 0 0 0
69 3 0 0 3 1 1 0 0 0 0 0 0 0
70 3 0 0 0 0 0 0 0 0 0 0 0 0
71 3 0 0 0 0 0 0 0 0 0 0 0 0
72 3 0 0 0 0 0 0 0 0 0 0 0 0
73 3 0 0 0 0 0 0 0 0 0 0 0 0
74 3 1 1 0 0 0 0 0 0 0 0 0 0
75 3 0 0 0 0 0 0 0 0 0 0 0 0
76 3 0 0 3 0 0 0 0 0 0 0 0 0
77 3 0 0 0 0 0 0 0 0 0 0 0 0
78 3 0 0 0 0 0 0 0 0 0 0 0 0
79 3 0 0 0 0 0 0 0 0 0 0 0 0
80 3 0 0 0 0 0 0 0 0 0 0 0 0
81 3 0 0 0 0 0 0 0 0 0 0 0 0
82 3 0 0 0 0 0 0 0 0 0 0 0 0
83 3 0 0 0 0 0 0 0 0 0 0 0 0
84 3 0 0 0 0 0 0 0 0 0 0 0 0
85 3 0 0 0 0 0 0 0 0 0 0 0 0
86 3 0 0 0 0 0 0 0 0 3 3 0 0
138 3 1 1 0 0 0 0 0 0 0 0 0 0
142 3 0 0 0 0 0 0 0 0 0 0 0 0
143 3 0 0 0 0 0 0 0 0 0 0 0 0
144 3 0 0 3 0 0 0 0 0 0 0 0 0
145 3 0 0 0 0 0 0 0 0 0 0 0 0
147 3 0 0 3 0 0 0 0 0 0 0 0 0
fl=./string/../sysdeps/x86_64/multiarch/../multiarch/strcmp-sse2.S
fn=strcmp
98 1159 1 1 0 0 0 0 0 0 0 0 0 0
131 1159 0 0 0 0 0 0 0 0 0 0 0 0
132 1159 0 0 0 0 0 0 0 0 0 0 0 0
134 1159 0 0 0 0 0 0 0 0 0 0 0 0
135 1159 0 0 0 0 0 0 0 0 0 0 0 0
156 1159 0 0 0 0 0 0 0 0 0 0 0 0
157 1159 0 0 0 0 0 0 0 0 931 215 0 0
158 955 0 0 0 0 0 0 0 0 0 0 0 0
159 955 0 0 0 0 0 0 0 0 955 162 0 0
160 727 0 0 727 107 78 0 0 0 0 0 0 0
161 727 1 1 727 14 9 0 0 0 0 0 0 0
162 727 0 0 727 0 0 0 0 0 0 0 0 0
163 727 0 0 727 0 0 0 0 0 0 0 0 0
180 727 0 0 0 0 0 0 0 0 0 0 0 0
181 727 0 0 0 0 0 0 0 0 0 0 0 0
182 727 0 0 0 0 0 0 0 0 0 0 0 0
183 727 0 0 0 0 0 0 0 0 0 0 0 0
184 727 0 0 0 0 0 0 0 0 0 0 0 0
185 727 0 0 0 0 0 0 0 0 0 0 0 0
186 727 0 0 0 0 0 0 0 0 727 107 0 0
191 31 0 0 0 0 0 0 0 0 0 0 0 0
192 93 0 0 0 0 0 0 0 0 0 0 0 0
201 463 1 1 0 0 0 0 0 0 0 0 0 0
202 463 0 0 0 0 0 0 0 0 0 0 0 0
203 463 0 0 0 0 0 0 0 0 0 0 0 0
204 463 0 0 0 0 0 0 0 0 0 0 0 0
205 463 0 0 0 0 0 0 0 0 0 0 0 0
206 463 0 0 0 0 0 0 0 0 0 0 0 0
207 463 0 0 0 0 0 0 0 0 0 0 0 0
208 463 0 0 0 0 0 0 0 0 463 68 0 0
209 426 0 0 0 0 0 0 0 0 426 146 0 0
210 236 0 0 0 0 0 0 0 0 0 0 0 0
211 236 0 0 0 0 0 0 0 0 0 0 0 0
212 236 0 0 0 0 0 0 0 0 0 0 0 0
214 426 0 0 0 0 0 0 0 0 0 0 0 0
215 426 0 0 0 0 0 0 0 0 0 0 0 0
216 426 0 0 0 0 0 0 0 0 0 0 0 0
217 426 0 0 426 4 2 0 0 0 0 0 0 0
218 426 0 0 0 0 0 0 0 0 0 0 0 0
219 426 0 0 0 0 0 0 0 0 0 0 426 319
229 37 1 1 37 0 0 0 0 0 0 0 0 0
230 37 0 0 0 0 0 0 0 0 0 0 0 0
231 37 0 0 0 0 0 0 0 0 0 0 0 0
233 37 0 0 37 5 4 0 0 0 0 0 0 0
239 37 0 0 0 0 0 0 0 0 0 0 0 0
240 37 0 0 0 0 0 0 0 0 0 0 0 0
241 37 0 0 0 0 0 0 0 0 0 0 0 0
242 37 0 0 0 0 0 0 0 0 0 0 0 0
243 37 0 0 0 0 0 0 0 0 0 0 0 0
248 37 0 0 0 0 0 0 0 0 37 18 0 0
250 6 0 0 0 0 0 0 0 0 0 0 0 0
251 6 0 0 0 0 0 0 0 0 0 0 0 0
252 12 0 0 0 0 0 0 0 0 0 0 0 0
260 6 2 1 6 0 0 0 0 0 0 0 0 0
261 6 0 0 6 3 2 0 0 0 0 0 0 0
264 6 0 0 0 0 0 0 0 0 0 0 0 0
265 6 0 0 0 0 0 0 0 0 0 0 0 0
266 6 0 0 0 0 0 0 0 0 0 0 0 0
267 6 0 0 0 0 0 0 0 0 0 0 0 0
268 6 0 0 0 0 0 0 0 0 0 0 0 0
269 6 0 0 0 0 0 0 0 0 6 3 0 0
300 7 1 1 0 0 0 0 0 0 0 0 0 0
301 7 0 0 7 0 0 0 0 0 0 0 0 0
302 7 0 0 7 1 1 0 0 0 0 0 0 0
303 7 0 0 0 0 0 0 0 0 0 0 0 0
304 7 0 0 0 0 0 0 0 0 0 0 0 0
306 7 0 0 0 0 0 0 0 0 0 0 0 0
307 7 0 0 0 0 0 0 0 0 0 0 0 0
308 7 1 1 0 0 0 0 0 0 0 0 0 0
309 7 0 0 0 0 0 0 0 0 0 0 0 0
310 7 0 0 0 0 0 0 0 0 0 0 0 0
311 7 0 0 0 0 0 0 0 0 0 0 0 0
312 7 0 0 0 0 0 0 0 0 7 1 0 0
313 7 0 0 7 0 0 0 0 0 0 0 0 0
316 7 0 0 0 0 0 0 0 0 0 0 0 0
317 7 0 0 0 0 0 0 0 0 0 0 0 0
318 7 0 0 0 0 0 0 0 0 0 0 0 0
324 7 0 0 0 0 0 0 0 0 0 0 0 0
325 7 0 0 0 0 0 0 0 0 0 0 0 0
326 14 0 0 0 0 0 0 0 0 0 0 0 0
330 7 1 1 0 0 0 0 0 0 0 0 0 0
331 7 0 0 0 0 0 0 0 0 7 0 0 0
334 7 0 0 7 0 0 0 0 0 0 0 0 0
335 7 0 0 7 0 0 0 0 0 0 0 0 0
336 7 0 0 0 0 0 0 0 0 0 0 0 0
338 7 0 0 0 0 0 0 0 0 0 0 0 0
339 7 0 0 0 0 0 0 0 0 0 0 0 0
340 7 0 0 0 0 0 0 0 0 0 0 0 0
344 7 0 0 0 0 0 0 0 0 0 0 0 0
345 7 0 0 0 0 0 0 0 0 0 0 0 0
346 7 0 0 0 0 0 0 0 0 0 0 0 0
347 7 0 0 0 0 0 0 0 0 0 0 0 0
348 7 0 0 0 0 0 0 0 0 0 0 0 0
349 7 1 1 0 0 0 0 0 0 7 1 0 0
424 4 1 1 0 0 0 0 0 0 0 0 0 0
425 4 0 0 4 0 0 0 0 0 0 0 0 0
426 4 0 0 4 2 0 0 0 0 0 0 0 0
427 4 0 0 0 0 0 0 0 0 0 0 0 0
428 4 0 0 0 0 0 0 0 0 0 0 0 0
430 4 0 0 0 0 0 0 0 0 0 0 0 0
431 4 0 0 0 0 0 0 0 0 0 0 0 0
432 4 1 1 0 0 0 0 0 0 0 0 0 0
433 4 0 0 0 0 0 0 0 0 0 0 0 0
434 4 0 0 0 0 0 0 0 0 0 0 0 0
435 4 0 0 0 0 0 0 0 0 0 0 0 0
436 4 0 0 0 0 0 0 0 0 4 2 0 0
437 4 0 0 4 0 0 0 0 0 0 0 0 0
440 4 0 0 0 0 0 0 0 0 0 0 0 0
441 4 0 0 0 0 0 0 0 0 0 0 0 0
442 4 0 0 0 0 0 0 0 0 0 0 0 0
448 4 0 0 0 0 0 0 0 0 0 0 0 0
449 4 0 0 0 0 0 0 0 0 0 0 0 0
450 8 0 0 0 0 0 0 0 0 0 0 0 0
454 4 1 1 0 0 0 0 0 0 0 0 0 0
455 4 0 0 0 0 0 0 0 0 4 0 0 0
458 4 0 0 4 2 1 0 0 0 0 0 0 0
459 4 0 0 4 0 0 0 0 0 0 0 0 0
460 4 0 0 0 0 0 0 0 0 0 0 0 0
462 4 0 0 0 0 0 0 0 0 0 0 0 0
463 4 0 0 0 0 0 0 0 0 0 0 0 0
464 4 0 0 0 0 0 0 0 0 0 0 0 0
468 4 0 0 0 0 0 0 0 0 0 0 0 0
469 4 0 0 0 0 0 0 0 0 0 0 0 0
470 4 0 0 0 0 0 0 0 0 0 0 0 0
471 4 0 0 0 0 0 0 0 0 0 0 0 0
472 4 0 0 0 0 0 0 0 0 0 0 0 0
473 4 1 1 0 0 0 0 0 0 4 0 0 0
542 40 1 1 0 0 0 0 0 0 0 0 0 0
543 40 0 0 40 3 1 0 0 0 0 0 0 0
544 40 0 0 40 3 0 0 0 0 0 0 0 0
545 40 0 0 0 0 0 0 0 0 0 0 0 0
546 40 0 0 0 0 0 0 0 0 0 0 0 0
548 40 0 0 0 0 0 0 0 0 0 0 0 0
549 40 0 0 0 0 0 0 0 0 0 0 0 0
550 40 1 1 0 0 0 0 0 0 0 0 0 0
551 40 0 0 0 0 0 0 0 0 0 0 0 0
552 40 0 0 0 0 0 0 0 0 0 0 0 0
553 40 0 0 0 0 0 0 0 0 0 0 0 0
554 40 0 0 0 0 0 0 0 0 40 1 0 0
555 30 0 0 30 0 0 0 0 0 0 0 0 0
559 30 0 0 0 0 0 0 0 0 0 0 0 0
560 30 0 0 0 0 0 0 0 0 0 0 0 0
561 30 0 0 0 0 0 0 0 0 0 0 0 0
567 30 0 0 0 0 0 0 0 0 0 0 0 0
568 30 0 0 0 0 0 0 0 0 0 0 0 0
569 60 0 0 0 0 0 0 0 0 0 0 0 0
573 30 1 1 0 0 0 0 0 0 0 0 0 0
574 30 0 0 0 0 0 0 0 0 30 0 0 0
577 30 0 0 30 2 1 0 0 0 0 0 0 0
578 30 0 0 30 1 1 0 0 0 0 0 0 0
579 30 0 0 0 0 0 0 0 0 0 0 0 0
581 30 0 0 0 0 0 0 0 0 0 0 0 0
582 30 0 0 0 0 0 0 0 0 0 0 0 0
583 30 0 0 0 0 0 0 0 0 0 0 0 0
587 30 0 0 0 0 0 0 0 0 0 0 0 0
588 30 0 0 0 0 0 0 0 0 0 0 0 0
589 30 0 0 0 0 0 0 0 0 0 0 0 0
590 30 0 0 0 0 0 0 0 0 0 0 0 0
591 30 0 0 0 0 0 0 0 0 0 0 0 0
592 30 1 1 0 0 0 0 0 0 30 0 0 0
661 8 1 1 0 0 0 0 0 0 0 0 0 0
662 8 0 0 8 0 0 0 0 0 0 0 0 0
663 8 0 0 8 3 2 0 0 0 0 0 0 0
664 8 0 0 0 0 0 0 0 0 0 0 0 0
665 8 0 0 0 0 0 0 0 0 0 0 0 0
667 8 0 0 0 0 0 0 0 0 0 0 0 0
668 8 0 0 0 0 0 0 0 0 0 0 0 0
669 8 1 1 0 0 0 0 0 0 0 0 0 0
670 8 0 0 0 0 0 0 0 0 0 0 0 0
671 8 0 0 0 0 0 0 0 0 0 0 0 0
672 8 0 0 0 0 0 0 0 0 0 0 0 0
673 8 0 0 0 0 0 0 0 0 8 1 0 0
674 5 0 0 5 0 0 0 0 0 0 0 0 0
678 5 0 0 0 0 0 0 0 0 0 0 0 0
679 5 0 0 0 0 0 0 0 0 0 0 0 0
680 5 0 0 0 0 0 0 0 0 0 0 0 0
686 5 0 0 0 0 0 0 0 0 0 0 0 0
687 5 0 0 0 0 0 0 0 0 0 0 0 0
688 10 0 0 0 0 0 0 0 0 0 0 0 0
692 5 1 1 0 0 0 0 0 0 0 0 0 0
693 5 0 0 0 0 0 0 0 0 5 0 0 0
696 5 0 0 5 2 2 0 0 0 0 0 0 0
697 5 0 0 5 2 2 0 0 0 0 0 0 0
698 5 0 0 0 0 0 0 0 0 0 0 0 0
700 5 0 0 0 0 0 0 0 0 0 0 0 0
701 5 0 0 0 0 0 0 0 0 0 0 0 0
702 5 0 0 0 0 0 0 0 0 0 0 0 0
706 5 0 0 0 0 0 0 0 0 0 0 0 0
707 5 0 0 0 0 0 0 0 0 0 0 0 0
708 5 0 0 0 0 0 0 0 0 0 0 0 0
709 5 0 0 0 0 0 0 0 0 0 0 0 0
710 5 0 0 0 0 0 0 0 0 0 0 0 0
711 5 1 1 0 0 0 0 0 0 5 0 0 0
780 5 1 1 0 0 0 0 0 0 0 0 0 0
781 5 0 0 5 2 1 0 0 0 0 0 0 0
782 5 0 0 5 0 0 0 0 0 0 0 0 0
783 5 0 0 0 0 0 0 0 0 0 0 0 0
784 5 0 0 0 0 0 0 0 0 0 0 0 0
786 5 0 0 0 0 0 0 0 0 0 0 0 0
787 5 0 0 0 0 0 0 0 0 0 0 0 0
788 5 1 1 0 0 0 0 0 0 0 0 0 0
789 5 0 0 0 0 0 0 0 0 0 0 0 0
790 5 0 0 0 0 0 0 0 0 0 0 0 0
791 5 0 0 0 0 0 0 0 0 0 0 0 0
792 5 0 0 0 0 0 0 0 0 5 0 0 0
793 3 0 0 3 0 0 0 0 0 0 0 0 0
797 3 0 0 0 0 0 0 0 0 0 0 0 0
798 3 0 0 0 0 0 0 0 0 0 0 0 0
799 3 0 0 0 0 0 0 0 0 0 0 0 0
805 3 0 0 0 0 0 0 0 0 0 0 0 0
806 3 0 0 0 0 0 0 0 0 0 0 0 0
807 6 0 0 0 0 0 0 0 0 0 0 0 0
811 3 1 1 0 0 0 0 0 0 0 0 0 0
812 3 0 0 0 0 0 0 0 0 3 0 0 0
815 3 0 0 3 1 1 0 0 0 0 0 0 0
816 3 0 0 3 1 1 0 0 0 0 0 0 0
817 3 0 0 0 0 0 0 0 0 0 0 0 0
819 3 0 0 0 0 0 0 0 0 0 0 0 0
820 3 0 0 0 0 0 0 0 0 0 0 0 0
821 3 0 0 0 0 0 0 0 0 0 0 0 0
825 3 0 0 0 0 0 0 0 0 0 0 0 0
826 3 0 0 0 0 0 0 0 0 0 0 0 0
827 3 0 0 0 0 0 0 0 0 0 0 0 0
828 3 0 0 0 0 0 0 0 0 0 0 0 0
829 3 0 0 0 0 0 0 0 0 0 0 0 0
830 3 1 1 0 0 0 0 0 0 3 0 0 0
899 6 1 1 0 0 0 0 0 0 0 0 0 0
900 6 0 0 6 2 2 0 0 0 0 0 0 0
901 6 0 0 6 3 3 0 0 0 0 0 0 0
902 6 0 0 0 0 0 0 0 0 0 0 0 0
903 6 0 0 0 0 0 0 0 0 0 0 0 0
905 6 0 0 0 0 0 0 0 0 0 0 0 0
906 6 0 0 0 0 0 0 0 0 0 0 0 0
907 6 1 1 0 0 0 0 0 0 0 0 0 0
908 6 0 0 0 0 0 0 0 0 0 0 0 0
909 6 0 0 0 0 0 0 0 0 0 0 0 0
910 6 0 0 0 0 0 0 0 0 0 0 0 0
911 6 0 0 0 0 0 0 0 0 6 2 0 0
912 4 0 0 4 0 0 0 0 0 0 0 0 0
916 4 0 0 0 0 0 0 0 0 0 0 0 0
917 4 0 0 0 0 0 0 0 0 0 0 0 0
918 4 0 0 0 0 0 0 0 0 0 0 0 0
924 4 0 0 0 0 0 0 0 0 0 0 0 0
925 4 0 0 0 0 0 0 0 0 0 0 0 0
926 8 0 0 0 0 0 0 0 0 0 0 0 0
930 4 1 1 0 0 0 0 0 0 0 0 0 0
931 4 0 0 0 0 0 0 0 0 4 0 0 0
934 4 0 0 4 2 2 0 0 0 0 0 0 0
935 4 0 0 4 1 1 0 0 0 0 0 0 0
936 4 0 0 0 0 0 0 0 0 0 0 0 0
938 4 0 0 0 0 0 0 0 0 0 0 0 0
939 4 0 0 0 0 0 0 0 0 0 0 0 0
940 4 0 0 0 0 0 0 0 0 0 0 0 0
944 4 0 0 0 0 0 0 0 0 0 0 0 0
945 4 0 0 0 0 0 0 0 0 0 0 0 0
946 4 0 0 0 0 0 0 0 0 0 0 0 0
947 4 0 0 0 0 0 0 0 0 0 0 0 0
948 4 0 0 0 0 0 0 0 0 0 0 0 0
949 4 1 1 0 0 0 0 0 0 4 0 0 0
956 1 0 0 0 0 0 0 0 0 0 0 0 0
957 1 0 0 0 0 0 0 0 0 0 0 0 0
959 1 0 0 0 0 0 0 0 0 0 0 0 0
960 1 0 0 0 0 0 0 0 0 1 0 0 0
962 1 0 0 1 0 0 0 0 0 0 0 0 0
963 1 0 0 1 0 0 0 0 0 0 0 0 0
964 1 0 0 0 0 0 0 0 0 0 0 0 0
966 1 0 0 0 0 0 0 0 0 0 0 0 0
967 1 0 0 0 0 0 0 0 0 0 0 0 0
968 1 0 0 0 0 0 0 0 0 0 0 0 0
972 1 0 0 0 0 0 0 0 0 0 0 0 0
973 1 0 0 0 0 0 0 0 0 0 0 0 0
974 1 0 0 0 0 0 0 0 0 0 0 0 0
975 1 0 0 0 0 0 0 0 0 0 0 0 0
976 1 1 1 0 0 0 0 0 0 0 0 0 0
977 1 0 0 0 0 0 0 0 0 1 1 0 0
1018 12 1 1 0 0 0 0 0 0 0 0 0 0
1019 12 0 0 12 1 1 0 0 0 0 0 0 0
1020 12 0 0 12 3 2 0 0 0 0 0 0 0
1021 12 0 0 0 0 0 0 0 0 0 0 0 0
1022 12 0 0 0 0 0 0 0 0 0 0 0 0
1024 12 0 0 0 0 0 0 0 0 0 0 0 0
1025 12 0 0 0 0 0 0 0 0 0 0 0 0
1026 12 1 1 0 0 0 0 0 0 0 0 0 0
1027 12 0 0 0 0 0 0 0 0 0 0 0 0
1028 12 0 0 0 0 0 0 0 0 0 0 0 0
1029 12 0 0 0 0 0 0 0 0 0 0 0 0
1030 12 0 0 0 0 0 0 0 0 12 2 0 0
1031 11 0 0 11 0 0 0 0 0 0 0 0 0
1035 11 0 0 0 0 0 0 0 0 0 0 0 0
1036 11 0 0 0 0 0 0 0 0 0 0 0 0
1037 11 0 0 0 0 0 0 0 0 0 0 0 0
1043 11 0 0 0 0 0 0 0 0 0 0 0 0
1044 11 0 0 0 0 0 0 0 0 0 0 0 0
1045 22 0 0 0 0 0 0 0 0 0 0 0 0
1049 11 1 1 0 0 0 0 0 0 0 0 0 0
1050 11 0 0 0 0 0 0 0 0 11 0 0 0
1053 11 0 0 11 3 3 0 0 0 0 0 0 0
1054 11 0 0 11 3 3 0 0 0 0 0 0 0
1055 11 0 0 0 0 0 0 0 0 0 0 0 0
1057 11 0 0 0 0 0 0 0 0 0 0 0 0
1058 11 0 0 0 0 0 0 0 0 0 0 0 0
1059 11 0 0 0 0 0 0 0 0 0 0 0 0
1063 11 0 0 0 0 0 0 0 0 0 0 0 0
1064 11 0 0 0 0 0 0 0 0 0 0 0 0
1065 11 0 0 0 0 0 0 0 0 0 0 0 0
1066 11 0 0 0 0 0 0 0 0 0 0 0 0
1067 11 0 0 0 0 0 0 0 0 0 0 0 0
1068 11 1 1 0 0 0 0 0 0 11 2 0 0
1137 38 1 1 0 0 0 0 0 0 0 0 0 0
1138 38 0 0 38 0 0 0 0 0 0 0 0 0
1139 38 0 0 38 6 4 0 0 0 0 0 0 0
1140 38 0 0 0 0 0 0 0 0 0 0 0 0
1141 38 0 0 0 0 0 0 0 0 0 0 0 0
1143 38 0 0 0 0 0 0 0 0 0 0 0 0
1144 38 0 0 0 0 0 0 0 0 0 0 0 0
1145 38 1 1 0 0 0 0 0 0 0 0 0 0
1146 38 0 0 0 0 0 0 0 0 0 0 0 0
1147 38 0 0 0 0 0 0 0 0 0 0 0 0
1148 38 0 0 0 0 0 0 0 0 0 0 0 0
1149 38 0 0 0 0 0 0 0 0 38 11 0 0
1150 11 0 0 11 0 0 0 0 0 0 0 0 0
1154 11 0 0 0 0 0 0 0 0 0 0 0 0
1155 11 0 0 0 0 0 0 0 0 0 0 0 0
1156 11 0 0 0 0 0 0 0 0 0 0 0 0
1162 11 0 0 0 0 0 0 0 0 0 0 0 0
1163 11 0 0 0 0 0 0 0 0 0 0 0 0
1164 22 0 0 0 0 0 0 0 0 0 0 0 0
1168 11 1 1 0 0 0 0 0 0 0 0 0 0
1169 11 0 0 0 0 0 0 0 0 11 0 0 0
1172 11 0 0 11 5 5 0 0 0 0 0 0 0
1173 11 0 0 11 4 3 0 0 0 0 0 0 0
1174 11 0 0 0 0 0 0 0 0 0 0 0 0
1176 11 0 0 0 0 0 0 0 0 0 0 0 0
1177 11 0 0 0 0 0 0 0 0 0 0 0 0
1178 11 0 0 0 0 0 0 0 0 0 0 0 0
1182 11 0 0 0 0 0 0 0 0 0 0 0 0
1183 11 0 0 0 0 0 0 0 0 0 0 0 0
1184 11 0 0 0 0 0 0 0 0 0 0 0 0
1185 11 0 0 0 0 0 0 0 0 0 0 0 0
1186 11 0 0 0 0 0 0 0 0 0 0 0 0
1187 11 1 1 0 0 0 0 0 0 11 4 0 0
1194 1 0 0 0 0 0 0 0 0 0 0 0 0
1195 1 0 0 0 0 0 0 0 0 0 0 0 0
1197 1 0 0 0 0 0 0 0 0 0 0 0 0
1198 1 0 0 0 0 0 0 0 0 1 0 0 0
1200 1 0 0 1 0 0 0 0 0 0 0 0 0
1201 1 0 0 1 0 0 0 0 0 0 0 0 0
1202 1 0 0 0 0 0 0 0 0 0 0 0 0
1204 1 0 0 0 0 0 0 0 0 0 0 0 0
1205 1 0 0 0 0 0 0 0 0 0 0 0 0
1206 1 0 0 0 0 0 0 0 0 0 0 0 0
1210 1 0 0 0 0 0 0 0 0 0 0 0 0
1211 1 0 0 0 0 0 0 0 0 0 0 0 0
1212 1 0 0 0 0 0 0 0 0 0 0 0 0
1213 1 0 0 0 0 0 0 0 0 0 0 0 0
1214 1 1 1 0 0 0 0 0 0 0 0 0 0
1215 1 0 0 0 0 0 0 0 0 1 0 0 0
1256 28 1 1 0 0 0 0 0 0 0 0 0 0
1257 28 0 0 28 1 1 0 0 0 0 0 0 0
1258 28 0 0 28 3 2 0 0 0 0 0 0 0
1259 28 0 0 0 0 0 0 0 0 0 0 0 0
1260 28 0 0 0 0 0 0 0 0 0 0 0 0
1262 28 0 0 0 0 0 0 0 0 0 0 0 0
1263 28 0 0 0 0 0 0 0 0 0 0 0 0
1264 28 1 1 0 0 0 0 0 0 0 0 0 0
1265 28 0 0 0 0 0 0 0 0 0 0 0 0
1266 28 0 0 0 0 0 0 0 0 0 0 0 0
1267 28 0 0 0 0 0 0 0 0 0 0 0 0
1268 28 0 0 0 0 0 0 0 0 28 9 0 0
1269 11 0 0 11 0 0 0 0 0 0 0 0 0
1273 11 0 0 0 0 0 0 0 0 0 0 0 0
1274 11 0 0 0 0 0 0 0 0 0 0 0 0
1275 11 0 0 0 0 0 0 0 0 0 0 0 0
1281 11 0 0 0 0 0 0 0 0 0 0 0 0
1282 11 0 0 0 0 0 0 0 0 0 0 0 0
1283 22 0 0 0 0 0 0 0 0 0 0 0 0
1287 11 1 1 0 0 0 0 0 0 0 0 0 0
1288 11 0 0 0 0 0 0 0 0 11 0 0 0
1291 11 0 0 11 4 3 0 0 0 0 0 0 0
1292 11 0 0 11 1 1 0 0 0 0 0 0 0
1293 11 0 0 0 0 0 0 0 0 0 0 0 0
1295 11 0 0 0 0 0 0 0 0 0 0 0 0
1296 11 0 0 0 0 0 0 0 0 0 0 0 0
1297 11 0 0 0 0 0 0 0 0 0 0 0 0
1301 11 0 0 0 0 0 0 0 0 0 0 0 0
1302 11 0 0 0 0 0 0 0 0 0 0 0 0
1303 11 0 0 0 0 0 0 0 0 0 0 0 0
1304 11 0 0 0 0 0 0 0 0 0 0 0 0
1305 11 0 0 0 0 0 0 0 0 0 0 0 0
1306 11 2 1 0 0 0 0 0 0 11 4 0 0
1375 34 2 1 0 0 0 0 0 0 0 0 0 0
1376 34 0 0 34 1 0 0 0 0 0 0 0 0
1377 34 0 0 34 7 2 0 0 0 0 0 0 0
1378 34 0 0 0 0 0 0 0 0 0 0 0 0
1379 34 0 0 0 0 0 0 0 0 0 0 0 0
1381 34 0 0 0 0 0 0 0 0 0 0 0 0
1382 34 0 0 0 0 0 0 0 0 0 0 0 0
1383 34 1 1 0 0 0 0 0 0 0 0 0 0
1384 34 0 0 0 0 0 0 0 0 0 0 0 0
1385 34 0 0 0 0 0 0 0 0 0 0 0 0
1386 34 0 0 0 0 0 0 0 0 0 0 0 0
1387 34 0 0 0 0 0 0 0 0 34 12 0 0
1388 20 0 0 20 0 0 0 0 0 0 0 0 0
1392 20 0 0 0 0 0 0 0 0 0 0 0 0
1393 20 0 0 0 0 0 0 0 0 0 0 0 0
1394 20 0 0 0 0 0 0 0 0 0 0 0 0
1400 20 0 0 0 0 0 0 0 0 0 0 0 0
1401 20 0 0 0 0 0 0 0 0 0 0 0 0
1402 40 0 0 0 0 0 0 0 0 0 0 0 0
1406 20 1 1 0 0 0 0 0 0 0 0 0 0
1407 20 0 0 0 0 0 0 0 0 20 0 0 0
1410 20 0 0 20 2 0 0 0 0 0 0 0 0
1411 20 0 0 20 3 1 0 0 0 0 0 0 0
1412 20 0 0 0 0 0 0 0 0 0 0 0 0
1414 20 0 0 0 0 0 0 0 0 0 0 0 0
1415 20 0 0 0 0 0 0 0 0 0 0 0 0
1416 20 0 0 0 0 0 0 0 0 0 0 0 0
1420 20 0 0 0 0 0 0 0 0 0 0 0 0
1421 20 0 0 0 0 0 0 0 0 0 0 0 0
1422 20 0 0 0 0 0 0 0 0 0 0 0 0
1423 20 0 0 0 0 0 0 0 0 0 0 0 0
1424 20 0 0 0 0 0 0 0 0 0 0 0 0
1425 20 1 1 0 0 0 0 0 0 20 6 0 0
1494 72 1 1 0 0 0 0 0 0 0 0 0 0
1495 72 0 0 72 5 5 0 0 0 0 0 0 0
1496 72 0 0 72 8 3 0 0 0 0 0 0 0
1497 72 0 0 0 0 0 0 0 0 0 0 0 0
1498 72 0 0 0 0 0 0 0 0 0 0 0 0
1500 72 0 0 0 0 0 0 0 0 0 0 0 0
1501 72 0 0 0 0 0 0 0 0 0 0 0 0
1502 72 1 1 0 0 0 0 0 0 0 0 0 0
1503 72 0 0 0 0 0 0 0 0 0 0 0 0
1504 72 0 0 0 0 0 0 0 0 0 0 0 0
1505 72 0 0 0 0 0 0 0 0 0 0 0 0
1506 72 0 0 0 0 0 0 0 0 72 20 0 0
1507 27 0 0 27 0 0 0 0 0 0 0 0 0
1511 27 0 0 0 0 0 0 0 0 0 0 0 0
1512 27 0 0 0 0 0 0 0 0 0 0 0 0
1513 27 0 0 0 0 0 0 0 0 0 0 0 0
1519 27 0 0 0 0 0 0 0 0 0 0 0 0
1520 27 0 0 0 0 0 0 0 0 0 0 0 0
1521 54 0 0 0 0 0 0 0 0 0 0 0 0
1525 27 1 1 0 0 0 0 0 0 0 0 0 0
1526 27 0 0 0 0 0 0 0 0 27 0 0 0
1529 27 0 0 27 8 3 0 0 0 0 0 0 0
1530 27 0 0 27 4 4 0 0 0 0 0 0 0
1531 27 0 0 0 0 0 0 0 0 0 0 0 0
1533 27 0 0 0 0 0 0 0 0 0 0 0 0
1534 27 0 0 0 0 0 0 0 0 0 0 0 0
1535 27 0 0 0 0 0 0 0 0 0 0 0 0
1539 27 0 0 0 0 0 0 0 0 0 0 0 0
1540 27 0 0 0 0 0 0 0 0 0 0 0 0
1541 27 0 0 0 0 0 0 0 0 0 0 0 0
1542 27 0 0 0 0 0 0 0 0 0 0 0 0
1543 27 0 0 0 0 0 0 0 0 0 0 0 0
1544 27 1 1 0 0 0 0 0 0 27 7 0 0
1613 39 1 1 0 0 0 0 0 0 0 0 0 0
1614 39 0 0 39 0 0 0 0 0 0 0 0 0
1615 39 0 0 39 6 5 0 0 0 0 0 0 0
1616 39 0 0 0 0 0 0 0 0 0 0 0 0
1617 39 0 0 0 0 0 0 0 0 0 0 0 0
1619 39 0 0 0 0 0 0 0 0 0 0 0 0
1620 39 0 0 0 0 0 0 0 0 0 0 0 0
1621 39 1 1 0 0 0 0 0 0 0 0 0 0
1622 39 0 0 0 0 0 0 0 0 0 0 0 0
1623 39 0 0 0 0 0 0 0 0 0 0 0 0
1624 39 0 0 0 0 0 0 0 0 0 0 0 0
1625 39 0 0 0 0 0 0 0 0 39 12 0 0
1626 15 0 0 15 0 0 0 0 0 0 0 0 0
1630 15 0 0 0 0 0 0 0 0 0 0 0 0
1631 15 0 0 0 0 0 0 0 0 0 0 0 0
1632 15 0 0 0 0 0 0 0 0 0 0 0 0
1638 15 0 0 0 0 0 0 0 0 0 0 0 0
1639 15 0 0 0 0 0 0 0 0 0 0 0 0
1640 30 0 0 0 0 0 0 0 0 0 0 0 0
1644 15 1 1 0 0 0 0 0 0 0 0 0 0
1645 15 0 0 0 0 0 0 0 0 15 0 0 0
1648 15 0 0 15 1 0 0 0 0 0 0 0 0
1649 15 0 0 15 2 2 0 0 0 0 0 0 0
1650 15 0 0 0 0 0 0 0 0 0 0 0 0
1652 15 0 0 0 0 0 0 0 0 0 0 0 0
1653 15 0 0 0 0 0 0 0 0 0 0 0 0
1654 15 0 0 0 0 0 0 0 0 0 0 0 0
1658 15 0 0 0 0 0 0 0 0 0 0 0 0
1659 15 0 0 0 0 0 0 0 0 0 0 0 0
1660 15 0 0 0 0 0 0 0 0 0 0 0 0
1661 15 0 0 0 0 0 0 0 0 0 0 0 0
1662 15 0 0 0 0 0 0 0 0 0 0 0 0
1663 15 1 1 0 0 0 0 0 0 15 5 0 0
1670 1 0 0 0 0 0 0 0 0 0 0 0 0
1671 1 0 0 0 0 0 0 0 0 0 0 0 0
1673 1 0 0 0 0 0 0 0 0 0 0 0 0
1674 1 0 0 0 0 0 0 0 0 1 0 0 0
1676 1 0 0 1 0 0 0 0 0 0 0 0 0
1677 1 0 0 1 1 1 0 0 0 0 0 0 0
1678 1 0 0 0 0 0 0 0 0 0 0 0 0
1680 1 0 0 0 0 0 0 0 0 0 0 0 0
1681 1 0 0 0 0 0 0 0 0 0 0 0 0
1682 1 0 0 0 0 0 0 0 0 0 0 0 0
1686 1 0 0 0 0 0 0 0 0 0 0 0 0
1687 1 0 0 0 0 0 0 0 0 0 0 0 0
1688 1 0 0 0 0 0 0 0 0 0 0 0 0
1689 1 0 0 0 0 0 0 0 0 0 0 0 0
1690 1 1 1 0 0 0 0 0 0 0 0 0 0
1691 1 0 0 0 0 0 0 0 0 1 1 0 0
1732 56 1 1 0 0 0 0 0 0 0 0 0 0
1733 56 0 0 56 6 2 0 0 0 0 0 0 0
1734 56 0 0 56 7 5 0 0 0 0 0 0 0
1735 56 0 0 0 0 0 0 0 0 0 0 0 0
1736 56 0 0 0 0 0 0 0 0 0 0 0 0
1738 56 0 0 0 0 0 0 0 0 0 0 0 0
1739 56 0 0 0 0 0 0 0 0 0 0 0 0
1740 56 1 1 0 0 0 0 0 0 0 0 0 0
1741 56 0 0 0 0 0 0 0 0 0 0 0 0
1742 56 0 0 0 0 0 0 0 0 0 0 0 0
1743 56 0 0 0 0 0 0 0 0 0 0 0 0
1744 56 0 0 0 0 0 0 0 0 56 21 0 0
1745 20 0 0 20 0 0 0 0 0 0 0 0 0
1749 20 0 0 0 0 0 0 0 0 0 0 0 0
1750 20 0 0 0 0 0 0 0 0 0 0 0 0
1751 20 0 0 0 0 0 0 0 0 0 0 0 0
1757 20 0 0 0 0 0 0 0 0 0 0 0 0
1758 20 0 0 0 0 0 0 0 0 0 0 0 0
1759 40 0 0 0 0 0 0 0 0 0 0 0 0
1763 20 1 1 0 0 0 0 0 0 0 0 0 0
1764 20 0 0 0 0 0 0 0 0 20 0 0 0
1767 20 0 0 20 1 1 0 0 0 0 0 0 0
1768 20 0 0 20 4 4 0 0 0 0 0 0 0
1769 20 0 0 0 0 0 0 0 0 0 0 0 0
1771 20 0 0 0 0 0 0 0 0 0 0 0 0
1772 20 0 0 0 0 0 0 0 0 0 0 0 0
1773 20 0 0 0 0 0 0 0 0 0 0 0 0
1777 20 0 0 0 0 0 0 0 0 0 0 0 0
1778 20 0 0 0 0 0 0 0 0 0 0 0 0
1779 20 0 0 0 0 0 0 0 0 0 0 0 0
1780 20 0 0 0 0 0 0 0 0 0 0 0 0
1781 20 0 0 0 0 0 0 0 0 0 0 0 0
1782 20 1 1 0 0 0 0 0 0 20 3 0 0
1789 1 0 0 0 0 0 0 0 0 0 0 0 0
1790 1 0 0 0 0 0 0 0 0 0 0 0 0
1792 1 0 0 0 0 0 0 0 0 0 0 0 0
1793 1 0 0 0 0 0 0 0 0 1 0 0 0
1795 1 0 0 1 0 0 0 0 0 0 0 0 0
1796 1 0 0 1 0 0 0 0 0 0 0 0 0
1797 1 0 0 0 0 0 0 0 0 0 0 0 0
1799 1 0 0 0 0 0 0 0 0 0 0 0 0
1800 1 0 0 0 0 0 0 0 0 0 0 0 0
1801 1 0 0 0 0 0 0 0 0 0 0 0 0
1805 1 0 0 0 0 0 0 0 0 0 0 0 0
1806 1 0 0 0 0 0 0 0 0 0 0 0 0
1807 1 0 0 0 0 0 0 0 0 0 0 0 0
1808 1 0 0 0 0 0 0 0 0 0 0 0 0
1809 1 1 1 0 0 0 0 0 0 0 0 0 0
1810 1 0 0 0 0 0 0 0 0 1 1 0 0
1851 39 1 1 0 0 0 0 0 0 0 0 0 0
1852 39 0 0 39 7 6 0 0 0 0 0 0 0
1853 39 0 0 39 5 5 0 0 0 0 0 0 0
1854 39 0 0 0 0 0 0 0 0 0 0 0 0
1855 39 0 0 0 0 0 0 0 0 0 0 0 0
1857 39 0 0 0 0 0 0 0 0 0 0 0 0
1858 39 0 0 0 0 0 0 0 0 0 0 0 0
1859 39 1 1 0 0 0 0 0 0 0 0 0 0
1860 39 0 0 0 0 0 0 0 0 0 0 0 0
1861 39 0 0 0 0 0 0 0 0 0 0 0 0
1862 39 0 0 0 0 0 0 0 0 0 0 0 0
1863 39 0 0 0 0 0 0 0 0 39 14 0 0
1864 13 0 0 13 0 0 0 0 0 0 0 0 0
1868 13 0 0 0 0 0 0 0 0 0 0 0 0
1869 13 0 0 0 0 0 0 0 0 0 0 0 0
1870 13 0 0 0 0 0 0 0 0 0 0 0 0
1876 13 0 0 0 0 0 0 0 0 0 0 0 0
1877 13 0 0 0 0 0 0 0 0 0 0 0 0
1878 26 0 0 0 0 0 0 0 0 0 0 0 0
1882 13 1 1 0 0 0 0 0 0 0 0 0 0
1883 13 0 0 0 0 0 0 0 0 13 0 0 0
1886 13 0 0 13 1 1 0 0 0 0 0 0 0
1887 13 0 0 13 4 4 0 0 0 0 0 0 0
1888 13 0 0 0 0 0 0 0 0 0 0 0 0
1890 13 0 0 0 0 0 0 0 0 0 0 0 0
1891 13 0 0 0 0 0 0 0 0 0 0 0 0
1892 13 0 0 0 0 0 0 0 0 0 0 0 0
1896 13 0 0 0 0 0 0 0 0 0 0 0 0
1897 13 0 0 0 0 0 0 0 0 0 0 0 0
1898 13 0 0 0 0 0 0 0 0 0 0 0 0
1899 13 0 0 0 0 0 0 0 0 0 0 0 0
1900 13 0 0 0 0 0 0 0 0 0 0 0 0
1901 13 1 1 0 0 0 0 0 0 13 1 0 0
1970 38 1 1 0 0 0 0 0 0 0 0 0 0
1971 38 0 0 38 5 4 0 0 0 0 0 0 0
1972 38 0 0 38 4 4 0 0 0 0 0 0 0
1973 38 0 0 0 0 0 0 0 0 0 0 0 0
1974 38 0 0 0 0 0 0 0 0 0 0 0 0
1976 38 0 0 0 0 0 0 0 0 0 0 0 0
1977 38 0 0 0 0 0 0 0 0 0 0 0 0
1978 38 1 1 0 0 0 0 0 0 0 0 0 0
1979 38 0 0 0 0 0 0 0 0 0 0 0 0
1980 38 0 0 0 0 0 0 0 0 0 0 0 0
1981 38 0 0 0 0 0 0 0 0 0 0 0 0
1982 38 0 0 0 0 0 0 0 0 38 16 0 0
1984 12 0 0 12 0 0 0 0 0 0 0 0 0
1988 12 0 0 0 0 0 0 0 0 0 0 0 0
1989 12 0 0 0 0 0 0 0 0 0 0 0 0
1990 12 0 0 0 0 0 0 0 0 0 0 0 0
1996 12 0 0 0 0 0 0 0 0 0 0 0 0
1997 12 0 0 0 0 0 0 0 0 0 0 0 0
1999 24 0 0 0 0 0 0 0 0 0 0 0 0
2003 12 1 1 0 0 0 0 0 0 0 0 0 0
2004 12 0 0 0 0 0 0 0 0 12 0 0 0
2007 12 0 0 12 1 1 0 0 0 0 0 0 0
2008 12 0 0 12 5 4 0 0 0 0 0 0 0
2009 12 0 0 0 0 0 0 0 0 0 0 0 0
2011 12 0 0 0 0 0 0 0 0 0 0 0 0
2012 12 0 0 0 0 0 0 0 0 0 0 0 0
2013 12 0 0 0 0 0 0 0 0 0 0 0 0
2017 12 0 0 0 0 0 0 0 0 0 0 0 0
2018 12 0 0 0 0 0 0 0 0 0 0 0 0
2019 12 0 0 0 0 0 0 0 0 0 0 0 0
2020 12 0 0 0 0 0 0 0 0 0 0 0 0
2021 12 0 0 0 0 0 0 0 0 0 0 0 0
2022 12 1 1 0 0 0 0 0 0 12 1 0 0
2093 199 0 0 0 0 0 0 0 0 0 0 0 0
2095 463 1 1 0 0 0 0 0 0 0 0 0 0
2096 463 0 0 0 0 0 0 0 0 0 0 0 0
2097 463 0 0 0 0 0 0 0 0 0 0 0 0
2098 463 0 0 0 0 0 0 0 0 463 45 0 0
2099 472 0 0 0 0 0 0 0 0 0 0 0 0
2104 1159 1 1 0 0 0 0 0 0 0 0 0 0
2110 1159 0 0 1159 0 0 0 0 0 0 0 0 0
2111 1159 0 0 1159 0 0 0 0 0 0 0 0 0
2119 1159 0 0 0 0 0 0 0 0 0 0 0 0
2120 1159 0 0 1159 0 0 0 0 0 0 0 0 0
fn=strncmp
98 1 0 0 0 0 0 0 0 0 0 0 0 0
125 1 0 0 0 0 0 0 0 0 0 0 0 0
126 1 0 0 0 0 0 0 0 0 1 1 0 0
127 1 0 0 0 0 0 0 0 0 0 0 0 0
128 1 0 0 0 0 0 0 0 0 1 0 0 0
129 1 0 0 0 0 0 0 0 0 0 0 0 0
131 1 0 0 0 0 0 0 0 0 0 0 0 0
132 1 0 0 0 0 0 0 0 0 0 0 0 0
134 1 1 1 0 0 0 0 0 0 0 0 0 0
135 1 0 0 0 0 0 0 0 0 0 0 0 0
156 1 0 0 0 0 0 0 0 0 0 0 0 0
157 1 0 0 0 0 0 0 0 0 0 0 0 0
158 1 0 0 0 0 0 0 0 0 0 0 0 0
159 1 0 0 0 0 0 0 0 0 1 0 0 0
160 1 0 0 1 0 0 0 0 0 0 0 0 0
161 1 0 0 1 0 0 0 0 0 0 0 0 0
162 1 0 0 1 0 0 0 0 0 0 0 0 0
163 1 0 0 1 0 0 0 0 0 0 0 0 0
180 1 0 0 0 0 0 0 0 0 0 0 0 0
181 1 0 0 0 0 0 0 0 0 0 0 0 0
182 1 0 0 0 0 0 0 0 0 0 0 0 0
183 1 0 0 0 0 0 0 0 0 0 0 0 0
184 1 0 0 0 0 0 0 0 0 0 0 0 0
185 1 0 0 0 0 0 0 0 0 0 0 0 0
186 1 1 1 0 0 0 0 0 0 1 1 0 0
2104 1 1 1 0 0 0 0 0 0 0 0 0 0
2107 1 0 0 0 0 0 0 0 0 0 0 0 0
2108 1 0 0 0 0 0 0 0 0 1 0 0 0
2110 1 0 0 1 0 0 0 0 0 0 0 0 0
2111 1 0 0 1 0 0 0 0 0 0 0 0 0
2119 1 0 0 0 0 0 0 0 0 0 0 0 0
2120 1 0 0 1 0 0 0 0 0 0 0 0 0
fl=./string/../sysdeps/x86_64/multiarch/../multiarch/strlen-sse2.S
fn=strlen
57 55 1 1 0 0 0 0 0 0 0 0 0 0
101 55 0 0 0 0 0 0 0 0 0 0 0 0
102 55 0 0 0 0 0 0 0 0 0 0 0 0
103 55 0 0 0 0 0 0 0 0 0 0 0 0
104 55 0 0 0 0 0 0 0 0 0 0 0 0
105 55 0 0 0 0 0 0 0 0 0 0 0 0
106 55 0 0 0 0 0 0 0 0 0 0 0 0
107 55 0 0 0 0 0 0 0 0 0 0 0 0
109 55 0 0 0 0 0 0 0 0 0 0 0 0
111 55 0 0 0 0 0 0 0 0 55 1 0 0
142 54 0 0 54 7 7 0 0 0 0 0 0 0
143 54 0 0 0 0 0 0 0 0 0 0 0 0
144 54 0 0 0 0 0 0 0 0 0 0 0 0
145 54 0 0 0 0 0 0 0 0 0 0 0 0
146 54 0 0 0 0 0 0 0 0 54 12 0 0
147 25 0 0 0 0 0 0 0 0 0 0 0 0
149 25 0 0 25 0 0 0 0 0 0 0 0 0
153 29 1 1 0 0 0 0 0 0 0 0 0 0
154 29 0 0 29 0 0 0 0 0 0 0 0 0
155 29 0 0 29 0 0 0 0 0 0 0 0 0
156 29 0 0 29 1 0 0 0 0 0 0 0 0
157 29 0 0 0 0 0 0 0 0 0 0 0 0
158 29 0 0 0 0 0 0 0 0 0 0 0 0
159 29 0 0 0 0 0 0 0 0 0 0 0 0
160 29 0 0 0 0 0 0 0 0 0 0 0 0
161 29 0 0 0 0 0 0 0 0 0 0 0 0
162 29 0 0 0 0 0 0 0 0 0 0 0 0
163 29 0 0 0 0 0 0 0 0 0 0 0 0
164 29 0 0 0 0 0 0 0 0 0 0 0 0
169 232 1 1 29 0 0 0 0 0 29 0 0 0
173 1 0 0 0 0 0 0 0 0 0 0 0 0
174 14 1 1 4 0 0 0 0 0 0 0 0 0
175 6 0 0 0 0 0 0 0 0 1 1 0 0
190 1 0 0 0 0 0 0 0 0 0 0 0 0
191 1 0 0 0 0 0 0 0 0 0 0 0 0
192 2 0 0 0 0 0 0 0 0 0 0 0 0
243 1 1 1 1 0 0 0 0 0 0 0 0 0
244 1 0 0 1 0 0 0 0 0 0 0 0 0
245 1 0 0 1 0 0 0 0 0 0 0 0 0
246 1 0 0 1 0 0 0 0 0 0 0 0 0
247 1 0 0 0 0 0 0 0 0 0 0 0 0
248 1 0 0 0 0 0 0 0 0 0 0 0 0
249 1 0 0 0 0 0 0 0 0 0 0 0 0
250 1 0 0 0 0 0 0 0 0 1 1 0 0
266 1 1 1 0 0 0 0 0 0 0 0 0 0
268 1 0 0 0 0 0 0 0 0 0 0 0 0
269 14 1 1 4 0 0 0 0 0 0 0 0 0
271 1 0 0 0 0 0 0 0 0 0 0 0 0
272 1 0 0 0 0 0 0 0 0 0 0 0 0
273 1 0 0 0 0 0 0 0 0 0 0 0 0
275 1 0 0 1 0 0 0 0 0 0 0 0 0
fl=./string/../sysdeps/x86_64/multiarch/ifunc-avx2.h
fn=memrchr
38 4 0 0 0 0 0 0 0 0 1 1 0 0
40 3 0 0 2 0 0 0 0 0 0 0 0 0
41 2 0 0 1 0 0 0 0 0 1 1 0 0
42 3 1 1 1 0 0 0 0 0 1 0 0 0
45 2 0 0 0 0 0 0 0 0 0 0 0 0
46 2 0 0 0 0 0 0 0 0 1 1 0 0
49 3 0 0 0 0 0 0 0 0 1 0 0 0
52 6 0 0 0 0 0 0 0 0 0 0 0 0
fn=rindex
38 4 0 0 0 0 0 0 0 0 1 1 0 0
40 3 0 0 2 0 0 0 0 0 0 0 0 0
41 2 1 1 1 0 0 0 0 0 1 0 0 0
42 3 0 0 1 0 0 0 0 0 1 0 0 0
45 2 0 0 0 0 0 0 0 0 0 0 0 0
46 2 0 0 0 0 0 0 0 0 1 1 0 0
49 3 0 0 0 0 0 0 0 0 1 0 0 0
52 6 1 1 0 0 0 0 0 0 0 0 0 0
fn=strchrnul
38 4 0 0 0 0 0 0 0 0 1 1 0 0
40 3 0 0 2 0 0 0 0 0 0 0 0 0
41 2 1 1 1 0 0 0 0 0 1 0 0 0
42 3 0 0 1 0 0 0 0 0 1 0 0 0
45 2 0 0 0 0 0 0 0 0 0 0 0 0
46 2 0 0 0 0 0 0 0 0 1 0 0 0
49 3 0 0 0 0 0 0 0 0 1 0 0 0
52 6 0 0 0 0 0 0 0 0 0 0 0 0
fn=strlen
38 12 0 0 0 0 0 0 0 0 3 3 0 0
40 9 0 0 6 0 0 0 0 0 0 0 0 0
41 6 0 0 3 0 0 0 0 0 3 0 0 0
42 9 1 1 3 0 0 0 0 0 3 0 0 0
45 6 0 0 0 0 0 0 0 0 0 0 0 0
46 6 0 0 0 0 0 0 0 0 3 3 0 0
49 9 0 0 0 0 0 0 0 0 3 0 0 0
52 18 0 0 0 0 0 0 0 0 0 0 0 0
fn=strnlen
38 8 0 0 0 0 0 0 0 0 2 2 0 0
40 6 0 0 4 0 0 0 0 0 0 0 0 0
41 4 1 1 2 0 0 0 0 0 2 2 0 0
42 6 0 0 2 0 0 0 0 0 2 0 0 0
45 4 0 0 0 0 0 0 0 0 0 0 0 0
46 4 0 0 0 0 0 0 0 0 2 2 0 0
49 6 0 0 0 0 0 0 0 0 2 0 0 0
52 12 1 1 0 0 0 0 0 0 0 0 0 0
fl=./string/../sysdeps/x86_64/multiarch/ifunc-evex.h
fn=memchr
37 4 0 0 0 0 0 0 0 0 1 1 0 0
38 3 1 1 2 0 0 0 0 0 0 0 0 0
39 3 0 0 1 0 0 0 0 0 1 0 0 0
42 2 0 0 0 0 0 0 0 0 0 0 0 0
43 2 0 0 0 0 0 0 0 0 1 0 0 0
45 2 0 0 0 0 0 0 0 0 0 0 0 0
51 3 0 0 0 0 0 0 0 0 1 0 0 0
54 4 0 0 0 0 0 0 0 0 0 0 0 0
fl=./string/../sysdeps/x86_64/multiarch/ifunc-memcmp.h
fn=bcmp
34 10 1 1 4 0 0 0 0 0 2 0 0 0
35 4 0 0 2 0 0 0 0 0 2 0 0 0
36 4 0 0 0 0 0 0 0 0 2 0 0 0
37 6 0 0 2 0 0 0 0 0 2 0 0 0
40 4 0 0 0 0 0 0 0 0 0 0 0 0
41 4 0 0 0 0 0 0 0 0 2 2 0 0
44 6 0 0 0 0 0 0 0 0 2 0 0 0
47 8 0 0 0 0 0 0 0 0 0 0 0 0
fl=./string/../sysdeps/x86_64/multiarch/ifunc-memmove.h
fn=memcpy@@GLIBC_2.14
56 6 0 0 0 0 0 0 0 0 3 0 0 0
57 9 0 0 6 0 0 0 0 0 0 0 0 0
60 9 1 1 3 0 0 0 0 0 0 0 0 0
61 6 1 1 0 0 0 0 0 0 3 3 0 0
74 6 0 0 0 0 0 0 0 0 3 0 0 0
77 6 0 0 0 0 0 0 0 0 3 0 0 0
85 6 0 0 0 0 0 0 0 0 3 3 0 0
93 6 0 0 0 0 0 0 0 0 3 3 0 0
96 15 1 1 3 0 0 0 0 0 0 0 0 0
fn=memmove
56 4 0 0 0 0 0 0 0 0 2 0 0 0
57 6 0 0 4 0 0 0 0 0 0 0 0 0
60 6 0 0 2 0 0 0 0 0 0 0 0 0
61 4 1 1 0 0 0 0 0 0 2 2 0 0
74 4 0 0 0 0 0 0 0 0 2 0 0 0
77 4 0 0 0 0 0 0 0 0 2 0 0 0
85 4 0 0 0 0 0 0 0 0 2 2 0 0
93 4 1 1 0 0 0 0 0 0 2 2 0 0
96 10 2 2 2 0 0 0 0 0 0 0 0 0
fn=mempcpy
56 2 0 0 0 0 0 0 0 0 1 0 0 0
57 3 0 0 2 0 0 0 0 0 0 0 0 0
60 3 1 1 1 0 0 0 0 0 0 0 0 0
61 2 1 1 0 0 0 0 0 0 1 1 0 0
74 2 0 0 0 0 0 0 0 0 1 0 0 0
77 2 0 0 0 0 0 0 0 0 1 0 0 0
85 2 0 0 0 0 0 0 0 0 1 0 0 0
93 2 0 0 0 0 0 0 0 0 1 1 0 0
96 5 1 1 1 0 0 0 0 0 0 0 0 0
fl=./string/../sysdeps/x86_64/multiarch/ifunc-memset.h
fn=memset
54 10 0 0 4 0 0 0 0 0 2 0 0 0
57 6 0 0 2 0 0 0 0 0 0 0 0 0
58 4 1 1 0 0 0 0 0 0 2 2 0 0
64 4 1 1 0 0 0 0 0 0 0 0 0 0
73 4 0 0 0 0 0 0 0 0 2 0 0 0
75 4 0 0 0 0 0 0 0 0 2 0 0 0
85 4 0 0 0 0 0 0 0 0 2 0 0 0
93 4 0 0 0 0 0 0 0 0 2 0 0 0
96 10 0 0 2 0 0 0 0 0 0 0 0 0
fl=./string/../sysdeps/x86_64/multiarch/ifunc-sse4_2.h
fn=strcspn
36 5 0 0 2 0 0 0 0 0 0 0 0 0
fn=strpbrk
36 5 1 1 2 1 0 0 0 0 0 0 0 0
fn=strspn
36 5 1 1 2 0 0 0 0 0 0 0 0 0
fl=./string/../sysdeps/x86_64/multiarch/ifunc-strcasecmp.h
fn=strcasecmp
36 4 0 0 0 0 0 0 0 0 1 1 0 0
37 2 0 0 2 0 0 0 0 0 0 0 0 0
38 3 1 1 1 0 0 0 0 0 1 0 0 0
41 2 0 0 0 0 0 0 0 0 0 0 0 0
42 2 0 0 0 0 0 0 0 0 1 1 0 0
45 3 0 0 0 0 0 0 0 0 1 0 0 0
48 5 1 1 0 0 0 0 0 0 1 0 0 0
fn=strcasecmp_l
36 4 0 0 0 0 0 0 0 0 1 1 0 0
37 2 1 1 2 0 0 0 0 0 0 0 0 0
38 3 1 1 1 0 0 0 0 0 1 0 0 0
41 2 0 0 0 0 0 0 0 0 0 0 0 0
42 2 0 0 0 0 0 0 0 0 1 1 0 0
45 3 0 0 0 0 0 0 0 0 1 0 0 0
48 5 0 0 0 0 0 0 0 0 1 0 0 0
fn=strncasecmp
36 4 0 0 0 0 0 0 0 0 1 1 0 0
37 2 0 0 2 0 0 0 0 0 0 0 0 0
38 3 1 1 1 0 0 0 0 0 1 0 0 0
41 2 0 0 0 0 0 0 0 0 0 0 0 0
42 2 0 0 0 0 0 0 0 0 1 1 0 0
45 3 0 0 0 0 0 0 0 0 1 0 0 0
48 5 0 0 0 0 0 0 0 0 1 0 0 0
fn=strncasecmp_l
36 4 0 0 0 0 0 0 0 0 1 1 0 0
37 2 1 1 2 0 0 0 0 0 0 0 0 0
38 3 1 1 1 0 0 0 0 0 1 0 0 0
41 2 0 0 0 0 0 0 0 0 0 0 0 0
42 2 0 0 0 0 0 0 0 0 1 1 0 0
45 3 0 0 0 0 0 0 0 0 1 0 0 0
48 5 0 0 0 0 0 0 0 0 1 0 0 0
fl=./string/../sysdeps/x86_64/multiarch/ifunc-strcpy.h
fn=stpcpy
38 4 0 0 2 0 0 0 0 0 0 0 0 0
39 3 0 0 1 0 0 0 0 0 1 0 0 0
42 2 0 0 0 0 0 0 0 0 0 0 0 0
43 2 0 0 0 0 0 0 0 0 1 1 0 0
46 3 0 0 0 0 0 0 0 0 1 0 0 0
49 3 0 0 0 0 0 0 0 0 1 1 0 0
fn=strcat
38 4 0 0 2 0 0 0 0 0 0 0 0 0
39 3 1 1 1 0 0 0 0 0 1 0 0 0
42 2 0 0 0 0 0 0 0 0 0 0 0 0
43 2 0 0 0 0 0 0 0 0 1 1 0 0
46 3 0 0 0 0 0 0 0 0 1 0 0 0
49 3 0 0 0 0 0 0 0 0 1 1 0 0
fn=strcpy
38 4 0 0 2 0 0 0 0 0 0 0 0 0
39 3 1 1 1 0 0 0 0 0 1 0 0 0
42 2 0 0 0 0 0 0 0 0 0 0 0 0
43 2 0 0 0 0 0 0 0 0 1 1 0 0
46 3 0 0 0 0 0 0 0 0 1 0 0 0
49 3 0 0 0 0 0 0 0 0 1 1 0 0
fl=./string/../sysdeps/x86_64/multiarch/ifunc-strncpy.h
fn=stpncpy
35 5 1 1 2 0 0 0 0 0 1 0 0 0
36 3 0 0 1 0 0 0 0 0 1 0 0 0
39 2 0 0 0 0 0 0 0 0 0 0 0 0
40 2 0 0 0 0 0 0 0 0 1 1 0 0
43 3 0 0 0 0 0 0 0 0 1 0 0 0
46 4 0 0 0 0 0 0 0 0 0 0 0 0
fn=strncpy
35 5 0 0 2 0 0 0 0 0 1 0 0 0
36 3 0 0 1 0 0 0 0 0 1 1 0 0
39 2 0 0 0 0 0 0 0 0 0 0 0 0
40 2 0 0 0 0 0 0 0 0 1 1 0 0
43 3 0 0 0 0 0 0 0 0 1 0 0 0
46 4 0 0 0 0 0 0 0 0 0 0 0 0
fl=./string/../sysdeps/x86_64/multiarch/memchr.c
fn=memchr
29 2 1 1 1 0 0 0 0 0 0 0 0 0
fl=./string/../sysdeps/x86_64/multiarch/memcmp.c
fn=bcmp
29 8 2 2 2 0 0 0 0 0 0 0 0 0
fl=./string/../sysdeps/x86_64/multiarch/memcmpeq.c
fn=memcpy@@GLIBC_2.14
29 3 1 1 0 0 0 0 0 0 0 0 0 0
fl=./string/../sysdeps/x86_64/multiarch/memmove-vec-unaligned-erms.S
fn=memcpy
210 56 2 1 0 0 0 0 0 0 0 0 0 0
211 56 0 0 0 0 0 0 0 0 0 0 0 0
217 101 0 0 0 0 0 0 0 0 0 0 0 0
218 101 0 0 0 0 0 0 0 0 101 20 0 0
220 55 0 0 55 1 0 0 0 0 0 0 0 0
221 55 0 0 0 0 0 0 0 0 0 0 0 0
222 55 0 0 0 0 0 0 0 0 55 27 0 0
224 27 0 0 27 0 0 0 0 0 0 0 0 0
225 27 0 0 0 0 0 27 8 8 0 0 0 0
226 27 0 0 0 0 0 27 2 2 0 0 0 0
228 27 0 0 27 0 0 0 0 0 0 0 0 0
308 46 2 1 0 0 0 0 0 0 0 0 0 0
309 46 0 0 0 0 0 0 0 0 46 15 0 0
311 10 0 0 0 0 0 0 0 0 0 0 0 0
315 10 0 0 0 0 0 0 0 0 10 0 0 0
316 10 0 0 0 0 0 0 0 0 0 0 0 0
317 10 0 0 0 0 0 0 0 0 10 3 0 0
318 1 0 0 1 1 1 0 0 0 0 0 0 0
319 1 0 0 0 0 0 0 0 0 1 1 0 0
323 1 0 0 0 0 0 1 1 1 0 0 0 0
325 10 0 0 10 0 0 0 0 0 0 0 0 0
364 36 1 1 36 0 0 0 0 0 0 0 0 0
365 36 0 0 36 0 0 0 0 0 0 0 0 0
366 36 0 0 0 0 0 36 12 12 0 0 0 0
367 36 0 0 0 0 0 36 2 2 0 0 0 0
368 36 0 0 36 0 0 0 0 0 0 0 0 0
375 25 0 0 25 0 0 0 0 0 0 0 0 0
376 25 0 0 25 0 0 0 0 0 0 0 0 0
377 25 0 0 0 0 0 25 4 4 0 0 0 0
378 25 0 0 0 0 0 25 5 5 0 0 0 0
379 25 0 0 0 0 0 25 6 6 0 0 0 0
380 25 0 0 0 0 0 25 0 0 0 0 0 0
381 25 0 0 25 0 0 0 0 0 0 0 0 0
392 28 1 0 0 0 0 0 0 0 0 0 0 0
393 28 0 0 0 0 0 0 0 0 28 1 0 0
395 28 0 0 28 0 0 0 0 0 0 0 0 0
396 28 2 1 0 0 0 0 0 0 0 0 0 0
397 28 0 0 0 0 0 0 0 0 28 6 0 0
399 3 0 0 3 0 0 0 0 0 0 0 0 0
400 3 0 0 3 0 0 0 0 0 0 0 0 0
401 3 0 0 3 0 0 0 0 0 0 0 0 0
402 3 0 0 3 0 0 0 0 0 0 0 0 0
403 3 0 0 3 0 0 0 0 0 0 0 0 0
404 3 0 0 3 0 0 0 0 0 0 0 0 0
405 3 0 0 0 0 0 3 0 0 0 0 0 0
406 3 0 0 0 0 0 3 0 0 0 0 0 0
407 3 0 0 0 0 0 3 1 1 0 0 0 0
408 3 0 0 0 0 0 3 0 0 0 0 0 0
409 3 0 0 0 0 0 3 0 0 0 0 0 0
410 3 0 0 0 0 0 3 0 0 0 0 0 0
411 3 0 0 0 0 0 3 0 0 0 0 0 0
412 3 2 1 0 0 0 3 0 0 0 0 0 0
413 3 0 0 3 0 0 0 0 0 0 0 0 0
fn=mempcpy
197 45 0 0 0 0 0 0 0 0 0 0 0 0
198 45 0 0 0 0 0 0 0 0 0 0 0 0
199 45 0 0 0 0 0 0 0 0 0 0 0 0
200 45 0 0 0 0 0 0 0 0 0 0 0 0
fl=./string/../sysdeps/x86_64/multiarch/memmove.c
fn=memmove
29 2 1 1 0 0 0 0 0 0 0 0 0 0
fl=./string/../sysdeps/x86_64/multiarch/mempcpy.c
fn=mempcpy
33 1 0 0 0 0 0 0 0 0 0 0 0 0
fl=./string/../sysdeps/x86_64/multiarch/memrchr.c
fn=memrchr
29 3 1 1 1 0 0 0 0 0 0 0 0 0
fl=./string/../sysdeps/x86_64/multiarch/memset.c
fn=memset
29 2 1 1 0 0 0 0 0 0 0 0 0 0
fl=./string/../sysdeps/x86_64/multiarch/stpcpy.c
fn=stpcpy
33 3 1 1 1 0 0 0 0 0 0 0 0 0
fl=./string/../sysdeps/x86_64/multiarch/stpncpy.c
fn=stpncpy
31 3 2 2 1 0 0 0 0 0 0 0 0 0
fl=./string/../sysdeps/x86_64/multiarch/strcasecmp.c
fn=strcasecmp
31 3 0 0 1 0 0 0 0 0 0 0 0 0
fl=./string/../sysdeps/x86_64/multiarch/strcasecmp_l.c
fn=strcasecmp_l
31 3 0 0 1 0 0 0 0 0 0 0 0 0
fl=./string/../sysdeps/x86_64/multiarch/strcat.c
fn=strcat
29 3 1 1 1 0 0 0 0 0 0 0 0 0
fl=./string/../sysdeps/x86_64/multiarch/strchr.c
fn=index
42 8 0 0 0 0 0 0 0 0 0 0 0 0
43 4 0 0 4 0 0 0 0 0 0 0 0 0
44 6 1 1 2 0 0 0 0 0 2 0 0 0
47 4 0 0 0 0 0 0 0 0 0 0 0 0
48 4 1 1 0 0 0 0 0 0 2 2 0 0
51 6 0 0 0 0 0 0 0 0 2 0 0 0
54 6 0 0 0 0 0 0 0 0 2 0 0 0
65 6 1 1 2 0 0 0 0 0 0 0 0 0
fl=./string/../sysdeps/x86_64/multiarch/strchrnul.c
fn=strchrnul
31 3 0 0 1 0 0 0 0 0 0 0 0 0
fl=./string/../sysdeps/x86_64/multiarch/strcmp.c
fn=strcmp
47 8 1 1 0 0 0 0 0 0 0 0 0 0
48 4 0 0 4 0 0 0 0 0 0 0 0 0
49 6 0 0 2 0 0 0 0 0 2 0 0 0
52 4 0 0 0 0 0 0 0 0 0 0 0 0
53 4 0 0 0 0 0 0 0 0 2 1 0 0
56 6 0 0 0 0 0 0 0 0 2 0 0 0
59 6 0 0 0 0 0 0 0 0 2 1 0 0
79 6 2 2 2 0 0 0 0 0 0 0 0 0
fl=./string/../sysdeps/x86_64/multiarch/strcpy.c
fn=strcpy
29 3 1 1 1 0 0 0 0 0 0 0 0 0
fl=./string/../sysdeps/x86_64/multiarch/strcspn.c
fn=strcspn
29 2 1 1 1 0 0 0 0 0 0 0 0 0
fl=./string/../sysdeps/x86_64/multiarch/strlen.c
fn=strlen
29 9 1 1 3 0 0 0 0 0 0 0 0 0
fl=./string/../sysdeps/x86_64/multiarch/strncase.c
fn=strncasecmp
31 3 1 1 1 0 0 0 0 0 0 0 0 0
fl=./string/../sysdeps/x86_64/multiarch/strncase_l.c
fn=strncasecmp_l
31 3 1 1 1 0 0 0 0 0 0 0 0 0
fl=./string/../sysdeps/x86_64/multiarch/strncmp.c
fn=strncmp
43 12 0 0 0 0 0 0 0 0 3 3 0 0
44 6 1 1 6 0 0 0 0 0 0 0 0 0
45 9 1 1 3 0 0 0 0 0 3 0 0 0
48 6 0 0 0 0 0 0 0 0 0 0 0 0
49 6 0 0 0 0 0 0 0 0 3 3 0 0
52 9 0 0 0 0 0 0 0 0 3 0 0 0
55 15 0 0 0 0 0 0 0 0 3 0 0 0
67 9 1 1 3 0 0 0 0 0 0 0 0 0
fl=./string/../sysdeps/x86_64/multiarch/strncpy.c
fn=strncpy
29 3 2 2 1 0 0 0 0 0 0 0 0 0
fl=./string/../sysdeps/x86_64/multiarch/strnlen.c
fn=strnlen
31 6 1 1 2 0 0 0 0 0 0 0 0 0
fl=./string/../sysdeps/x86_64/multiarch/strpbrk.c
fn=strpbrk
29 2 0 0 1 0 0 0 0 0 0 0 0 0
fl=./string/../sysdeps/x86_64/multiarch/strrchr-avx2.S
fn=__strrchr_avx2
53 1 1 1 0 0 0 0 0 0 0 0 0 0
54 1 0 0 0 0 0 0 0 0 0 0 0 0
55 1 0 0 0 0 0 0 0 0 0 0 0 0
57 1 0 0 0 0 0 0 0 0 0 0 0 0
58 1 1 1 0 0 0 0 0 0 0 0 0 0
62 1 0 0 0 0 0 0 0 0 0 0 0 0
63 1 0 0 0 0 0 0 0 0 0 0 0 0
64 1 0 0 0 0 0 0 0 0 1 0 0 0
67 1 0 0 1 1 0 0 0 0 0 0 0 0
69 1 0 0 0 0 0 0 0 0 0 0 0 0
70 1 0 0 0 0 0 0 0 0 0 0 0 0
71 1 0 0 0 0 0 0 0 0 0 0 0 0
72 1 0 0 0 0 0 0 0 0 1 0 0 0
75 1 0 0 0 0 0 0 0 0 0 0 0 0
76 1 0 0 0 0 0 0 0 0 0 0 0 0
78 1 0 0 0 0 0 0 0 0 0 0 0 0
79 1 0 0 0 0 0 0 0 0 0 0 0 0
80 1 0 0 0 0 0 0 0 0 1 0 0 0
81 1 0 0 0 0 0 0 0 0 0 0 0 0
82 1 0 0 0 0 0 0 0 0 0 0 0 0
91 2 0 0 1 0 0 0 0 0 0 0 0 0
fl=./string/../sysdeps/x86_64/multiarch/strrchr.c
fn=rindex
28 3 0 0 1 0 0 0 0 0 0 0 0 0
fl=./string/../sysdeps/x86_64/multiarch/strspn.c
fn=strspn
29 2 1 1 1 0 0 0 0 0 0 0 0 0
fl=./string/./string/strdup.c
fn=strdup
40 66 1 1 0 0 0 33 0 0 0 0 0 0
41 22 0 0 0 0 0 11 0 0 0 0 0 0
44 22 1 1 0 0 0 0 0 0 11 0 0 0
47 44 0 0 0 0 0 0 0 0 0 0 0 0
48 33 0 0 33 0 0 0 0 0 0 0 0 0
fl=./time/../sysdeps/unix/sysv/linux/dl-vdso.h
fn=gettimeofday
40 2 0 0 2 2 0 0 0 0 0 0 0 0
41 2 0 0 0 0 0 0 0 0 1 1 0 0
fl=./time/../sysdeps/unix/sysv/linux/gettimeofday.c
fn=gettimeofday
42 3 2 2 1 0 0 0 0 0 0 0 0 0
fl=./wcsmbs/../sysdeps/x86_64/multiarch/ifunc-avx2.h
fn=wcschr
38 12 1 1 0 0 0 0 0 0 3 3 0 0
40 9 0 0 6 0 0 0 0 0 0 0 0 0
41 6 0 0 3 0 0 0 0 0 3 0 0 0
42 9 0 0 3 0 0 0 0 0 3 0 0 0
45 6 0 0 0 0 0 0 0 0 0 0 0 0
46 6 0 0 0 0 0 0 0 0 3 3 0 0
49 9 0 0 0 0 0 0 0 0 3 0 0 0
52 18 1 1 0 0 0 0 0 0 0 0 0 0
fn=wcscmp
38 4 0 0 0 0 0 0 0 0 1 1 0 0
40 3 0 0 2 0 0 0 0 0 0 0 0 0
41 2 1 1 1 0 0 0 0 0 1 0 0 0
42 3 0 0 1 0 0 0 0 0 1 0 0 0
45 2 0 0 0 0 0 0 0 0 0 0 0 0
46 2 0 0 0 0 0 0 0 0 1 1 0 0
49 3 0 0 0 0 0 0 0 0 1 0 0 0
52 6 1 1 0 0 0 0 0 0 0 0 0 0
fl=./wcsmbs/../sysdeps/x86_64/multiarch/ifunc-evex.h
fn=wmemchr
37 8 0 0 0 0 0 0 0 0 2 2 0 0
38 6 1 1 4 0 0 0 0 0 0 0 0 0
39 6 0 0 2 0 0 0 0 0 2 0 0 0
42 4 0 0 0 0 0 0 0 0 0 0 0 0
43 4 1 1 0 0 0 0 0 0 2 2 0 0
45 4 0 0 0 0 0 0 0 0 0 0 0 0
51 6 0 0 0 0 0 0 0 0 2 0 0 0
54 8 0 0 0 0 0 0 0 0 0 0 0 0
fl=./wcsmbs/../sysdeps/x86_64/multiarch/ifunc-memcmp.h
fn=wmemcmp
34 5 1 1 2 0 0 0 0 0 1 0 0 0
35 2 0 0 1 0 0 0 0 0 1 0 0 0
36 2 0 0 0 0 0 0 0 0 1 0 0 0
37 3 0 0 1 0 0 0 0 0 1 0 0 0
40 2 0 0 0 0 0 0 0 0 0 0 0 0
41 2 0 0 0 0 0 0 0 0 1 1 0 0
44 3 0 0 0 0 0 0 0 0 1 0 0 0
47 4 0 0 0 0 0 0 0 0 0 0 0 0
fl=./wcsmbs/../sysdeps/x86_64/multiarch/ifunc-wcs.h
fn=wcpncpy
39 4 1 1 0 0 0 0 0 0 1 1 0 0
40 3 0 0 2 0 0 0 0 0 0 0 0 0
41 3 0 0 1 0 0 0 0 0 1 0 0 0
44 2 0 0 0 0 0 0 0 0 0 0 0 0
45 3 0 0 0 0 0 0 0 0 1 0 0 0
48 4 0 0 0 0 0 0 0 0 0 0 0 0
fn=wcscat
39 4 0 0 0 0 0 0 0 0 1 1 0 0
40 3 0 0 2 0 0 0 0 0 0 0 0 0
41 3 0 0 1 0 0 0 0 0 1 0 0 0
44 2 0 0 0 0 0 0 0 0 0 0 0 0
45 3 0 0 0 0 0 0 0 0 1 1 0 0
48 4 0 0 0 0 0 0 0 0 0 0 0 0
fn=wcsncpy
39 4 0 0 0 0 0 0 0 0 1 1 0 0
40 3 0 0 2 0 0 0 0 0 0 0 0 0
41 3 0 0 1 0 0 0 0 0 1 0 0 0
44 2 0 0 0 0 0 0 0 0 0 0 0 0
45 3 0 0 0 0 0 0 0 0 1 1 0 0
48 4 0 0 0 0 0 0 0 0 0 0 0 0
fl=./wcsmbs/../sysdeps/x86_64/multiarch/ifunc-wcslen.h
fn=wcslen
40 8 0 0 0 0 0 0 0 0 2 2 0 0
41 4 0 0 4 0 0 0 0 0 0 0 0 0
42 6 1 1 2 0 0 0 0 0 2 0 0 0
45 4 0 0 0 0 0 0 0 0 0 0 0 0
46 4 0 0 0 0 0 0 0 0 2 2 0 0
49 6 0 0 0 0 0 0 0 0 2 0 0 0
52 6 0 0 0 0 0 0 0 0 2 1 0 0
fn=wcsnlen
40 4 0 0 0 0 0 0 0 0 1 1 0 0
41 2 1 1 2 0 0 0 0 0 0 0 0 0
42 3 0 0 1 0 0 0 0 0 1 0 0 0
45 2 1 1 0 0 0 0 0 0 0 0 0 0
46 2 0 0 0 0 0 0 0 0 1 1 0 0
49 3 0 0 0 0 0 0 0 0 1 0 0 0
52 3 0 0 0 0 0 0 0 0 1 0 0 0
fl=./wcsmbs/../sysdeps/x86_64/multiarch/ifunc-wmemset.h
fn=wmemset
36 10 0 0 4 0 0 0 0 0 2 0 0 0
37 6 1 1 2 0 0 0 0 0 2 2 0 0
fl=./wcsmbs/../sysdeps/x86_64/multiarch/wcpcpy.c
fn=wcpncpy
31 1 1 1 0 0 0 0 0 0 0 0 0 0
fl=./wcsmbs/../sysdeps/x86_64/multiarch/wcpncpy.c
fn=wcpncpy
31 1 0 0 1 0 0 0 0 0 0 0 0 0
fl=./wcsmbs/../sysdeps/x86_64/multiarch/wcscat.c
fn=wcscat
31 2 1 1 1 0 0 0 0 0 0 0 0 0
fn=wcschr
31 3 1 1 0 0 0 0 0 0 0 0 0 0
fl=./wcsmbs/../sysdeps/x86_64/multiarch/wcschr.c
fn=wcschr
31 6 0 0 3 0 0 0 0 0 0 0 0 0
fl=./wcsmbs/../sysdeps/x86_64/multiarch/wcscmp.c
fn=wcscmp
30 3 1 1 1 0 0 0 0 0 0 0 0 0
fl=./wcsmbs/../sysdeps/x86_64/multiarch/wcscpy.c
fn=wcscpy
42 4 0 0 0 0 0 0 0 0 1 1 0 0
43 2 1 1 2 0 0 0 0 0 0 0 0 0
44 3 0 0 1 0 0 0 0 0 1 0 0 0
46 2 1 1 0 0 0 0 0 0 0 0 0 0
47 3 0 0 0 0 0 0 0 0 1 1 0 0
50 3 0 0 0 0 0 0 0 0 1 0 0 0
60 2 1 1 1 0 0 0 0 0 0 0 0 0
fl=./wcsmbs/../sysdeps/x86_64/multiarch/wcslen.c
fn=wcslen
29 6 2 2 2 0 0 0 0 0 0 0 0 0
fl=./wcsmbs/../sysdeps/x86_64/multiarch/wcsncpy.c
fn=wcsncpy
31 2 1 1 1 0 0 0 0 0 0 0 0 0
fl=./wcsmbs/../sysdeps/x86_64/multiarch/wcsnlen.c
fn=wcsnlen
30 3 1 1 1 0 0 0 0 0 0 0 0 0
fl=./wcsmbs/../sysdeps/x86_64/multiarch/wmemchr.c
fn=wmemchr
31 4 1 1 2 0 0 0 0 0 0 0 0 0
fl=./wcsmbs/../sysdeps/x86_64/multiarch/wmemcmp.c
fn=wmemcmp
29 4 1 1 1 0 0 0 0 0 0 0 0 0
fl=./wcsmbs/../sysdeps/x86_64/multiarch/wmemset.c
fn=wmemset
31 4 1 1 2 0 0 0 0 0 0 0 0 0
fl=/home/norabino/Desktop/42/cub3d/src/get_next_line/get_next_line.c
fn=ft_get_a_line
39 10 0 0 0 0 0 4 0 0 0 0 0 0
43 2 0 0 0 0 0 2 0 0 0 0 0 0
44 8 1 1 4 0 0 0 0 0 2 2 0 0
45 4 0 0 0 0 0 0 0 0 0 0 0 0
55 4 1 1 4 0 0 0 0 0 0 0 0 0
fn=ft_new_remainder
58 10 1 1 0 0 0 4 0 0 0 0 0 0
62 2 0 0 0 0 0 2 0 0 0 0 0 0
63 16 0 0 6 0 0 0 0 0 2 1 0 0
65 14 1 1 6 0 0 0 0 0 2 0 0 0
67 6 0 0 2 0 0 2 0 0 0 0 0 0
68 4 0 0 0 0 0 0 0 0 0 0 0 0
79 4 1 1 4 0 0 0 0 0 0 0 0 0
fn=ft_read_to_remainder
16 12 2 2 0 0 0 6 0 0 0 0 0 0
20 6 0 0 0 0 0 4 0 0 0 0 0 0
21 4 0 0 2 0 0 0 0 0 2 2 0 0
23 2 0 0 0 0 0 2 0 0 0 0 0 0
24 34 2 2 8 0 0 4 0 0 8 1 0 0
26 14 1 1 4 0 0 4 0 0 0 0 0 0
27 4 0 0 2 0 0 0 0 0 2 2 0 0
29 10 0 0 4 0 0 2 0 0 0 0 0 0
30 12 0 0 4 0 0 4 0 0 0 0 0 0
31 4 0 0 2 0 0 0 0 0 2 2 0 0
34 6 0 0 2 0 0 2 0 0 0 0 0 0
35 2 0 0 2 0 0 0 0 0 0 0 0 0
36 4 0 0 4 0 0 0 0 0 0 0 0 0
fn=get_next_line
82 10 1 1 0 0 0 4 0 0 0 0 0 0
86 4 0 0 2 0 0 0 0 0 2 2 0 0
88 28 1 1 8 2 2 4 0 0 0 0 0 0
89 14 0 0 4 0 0 0 0 0 2 2 0 0
91 16 1 1 4 0 0 4 0 0 0 0 0 0
92 24 0 0 6 0 0 4 0 0 0 0 0 0
93 2 0 0 2 0 0 0 0 0 0 0 0 0
94 4 0 0 4 0 0 0 0 0 0 0 0 0
fl=/home/norabino/Desktop/42/cub3d/src/get_next_line/get_next_line_utils.c
fn=ft_check_join
68 12 1 1 0 0 0 6 0 0 0 0 0 0
69 16 0 0 8 0 0 0 0 0 4 0 0 0
71 8 0 0 4 0 0 0 0 0 2 0 0 0
73 10 1 1 2 0 0 4 0 0 0 0 0 0
74 8 0 0 4 0 0 0 0 0 2 2 0 0
76 6 0 0 4 0 0 2 0 0 0 0 0 0
78 8 0 0 4 0 0 0 0 0 2 2 0 0
80 2 0 0 0 0 0 0 0 0 0 0 0 0
81 4 0 0 4 0 0 0 0 0 0 0 0 0
fn=ft_strchr
26 28 0 0 0 0 0 12 0 0 0 0 0 0
29 4 0 0 0 0 0 4 0 0 0 0 0 0
30 8 1 1 4 0 0 0 0 0 4 2 0 0
31 4 0 0 0 0 0 0 0 0 0 0 0 0
32 4 0 0 2 0 0 0 0 0 2 2 0 0
34 28 0 0 14 0 0 0 0 0 4 0 0 0
36 14 0 0 8 0 0 0 0 0 2 2 0 0
38 2 0 0 0 0 0 0 0 0 0 0 0 0
39 8 1 1 8 0 0 0 0 0 0 0 0 0
fn=ft_strjoin
84 14 1 1 0 0 0 8 0 0 0 0 0 0
89 14 0 0 0 0 0 2 0 0 2 2 0 0
91 26 1 1 4 0 0 8 0 0 0 0 0 0
92 4 0 0 2 0 0 0 0 0 2 2 0 0
94 2 1 1 0 0 0 2 0 0 0 0 0 0
95 2 0 0 0 0 0 2 0 0 0 0 0 0
96 6 0 0 2 0 0 0 0 0 2 0 0 0
97 16 1 1 8 0 0 0 0 0 2 0 0 0
99 14 1 1 6 0 0 0 0 0 2 0 0 0
101 24 0 0 6 0 0 6 0 0 0 0 0 0
102 6 0 0 2 0 0 2 0 0 0 0 0 0
103 2 1 1 2 0 0 0 0 0 0 0 0 0
104 6 0 0 6 0 0 0 0 0 0 0 0 0
fn=ft_strlen
16 40 1 1 0 0 0 20 0 0 0 0 0 0
19 10 0 0 0 0 0 10 0 0 0 0 0 0
20 343 1 1 148 0 0 0 0 0 74 12 0 0
21 27 0 0 27 0 0 0 0 0 0 0 0 0
22 10 0 0 10 0 0 0 0 0 0 0 0 0
23 20 0 0 20 0 0 0 0 0 0 0 0 0
fl=/home/norabino/Desktop/42/cub3d/src/main.c
fn=ft_parsing_init
16 7 0 0 0 0 0 4 0 0 0 0 0 0
19 2 1 1 1 0 0 0 0 0 1 1 0 0
21 9 0 0 3 1 0 1 0 0 1 1 0 0
23 8 1 1 3 0 0 2 0 0 0 0 0 0
24 3 0 0 1 0 0 1 0 0 0 0 0 0
25 5 0 0 2 0 0 1 0 0 0 0 0 0
fn=main
30 6 1 1 0 0 0 3 0 0 0 0 0 0
33 3 0 0 0 0 0 2 0 0 0 0 0 0
34 2 1 1 1 0 0 0 0 0 1 1 0 0
36 3 0 0 1 0 0 1 0 0 0 0 0 0
37 6 0 0 3 0 0 1 0 0 0 0 0 0
fl=/home/norabino/Desktop/42/cub3d/src/parsing/check_and_set_file.c
fn=check_and_set_file
40 9 2 2 1 0 0 4 0 0 0 0 0 0
44 1 0 0 0 0 0 1 0 0 0 0 0 0
45 7 0 0 2 0 0 1 0 0 0 0 0 0
fl=/home/norabino/Desktop/42/cub3d/src/parsing/check_textures_0.c
fn=ft_check_textures
65 8 1 1 0 0 0 5 0 0 0 0 0 0
69 1 1 1 0 0 0 1 0 0 0 0 0 0
70 2 0 0 1 0 0 1 0 0 0 0 0 0
71 1 0 0 0 0 0 1 0 0 0 0 0 0
72 9 1 1 3 0 0 0 0 0 1 0 0 0
83 18 1 1 6 0 0 6 0 0 1 0 0 0
84 6 1 1 2 0 0 1 0 0 0 0 0 0
fl=/home/norabino/Desktop/42/cub3d/src/parsing/check_textures_1.c
fn=all_text_set
39 3 1 1 0 0 0 1 0 0 0 0 0 0
40 3 1 1 1 0 0 0 0 0 1 1 0 0
41 2 0 0 0 0 0 0 0 0 0 0 0 0
51 2 1 1 2 0 0 0 0 0 0 0 0 0
fl=/home/norabino/Desktop/42/cub3d/src/parsing/init.c
fn=init
16 10 1 1 0 0 0 4 0 0 0 0 0 0
19 4 1 1 2 0 0 2 0 0 0 0 0 0
20 4 0 0 2 0 0 2 1 1 0 0 0 0
21 4 0 0 2 0 0 2 0 0 0 0 0 0
22 4 0 0 2 0 0 2 1 1 0 0 0 0
23 6 0 0 4 0 0 2 0 0 0 0 0 0
24 4 1 1 2 0 0 2 0 0 0 0 0 0
25 4 0 0 2 0 0 2 0 0 0 0 0 0
26 4 0 0 2 0 0 2 0 0 0 0 0 0
27 4 0 0 2 0 0 2 0 0 0 0 0 0
28 6 0 0 4 0 0 2 0 0 0 0 0 0
29 4 1 1 2 0 0 2 0 0 0 0 0 0
30 4 0 0 2 0 0 2 0 0 0 0 0 0
31 4 0 0 2 0 0 2 0 0 0 0 0 0
32 4 0 0 2 0 0 2 0 0 0 0 0 0
33 4 0 0 2 0 0 2 0 0 0 0 0 0
34 4 0 0 2 0 0 2 0 0 0 0 0 0
35 6 1 1 4 0 0 2 0 0 0 0 0 0
36 4 0 0 2 0 0 2 0 0 0 0 0 0
37 12 0 0 2 0 0 2 0 0 0 0 0 0
38 4 0 0 2 0 0 2 1 1 0 0 0 0
39 2 1 1 0 0 0 2 0 0 0 0 0 0
40 1030 0 0 514 0 0 0 0 0 514 18 0 0
42 2048 0 0 1024 0 0 512 3 3 0 0 0 0
43 512 0 0 512 0 0 0 0 0 0 0 0 0
45 4 0 0 2 0 0 2 0 0 0 0 0 0
46 6 0 0 4 0 0 0 0 0 0 0 0 0
fl=/home/norabino/Desktop/42/cub3d/src/parsing/open_file.c
fn=check_extension
16 6 1 1 0 0 0 3 0 0 0 0 0 0
20 5 0 0 1 0 0 2 0 0 0 0 0 0
21 37 0 0 16 0 0 0 0 0 8 3 0 0
22 3 0 0 3 0 0 0 0 0 0 0 0 0
23 7 1 1 2 0 0 2 0 0 0 0 0 0
24 9 0 0 3 0 0 1 0 0 2 0 0 0
30 7 1 1 1 0 0 1 0 0 1 1 0 0
35 3 1 1 1 0 0 1 0 0 0 0 0 0
36 1 0 0 0 0 0 0 0 0 0 0 0 0
37 2 0 0 2 0 0 0 0 0 0 0 0 0
fn=malloc_file
40 6 0 0 0 0 0 3 0 0 0 0 0 0
46 6 1 1 1 0 0 2 0 0 0 0 0 0
47 2 0 0 1 0 0 0 0 0 1 1 0 0
49 1 0 0 0 0 0 1 0 0 0 0 0 0
50 4 1 1 1 0 0 2 0 0 0 0 0 0
51 3 0 0 1 0 0 0 0 0 1 0 0 0
57 3 0 0 1 0 0 1 0 0 0 0 0 0
58 7 0 0 1 0 0 2 0 0 0 0 0 0
59 2 0 0 1 0 0 0 0 0 1 1 0 0
61 1 0 0 1 0 0 0 0 0 0 0 0 0
62 2 0 0 2 0 0 0 0 0 0 0 0 0
fn=open_file
65 7 2 2 0 0 0 4 0 0 0 0 0 0
70 6 0 0 1 0 0 2 0 0 0 0 0 0
71 2 0 0 1 0 0 0 0 0 1 1 0 0
73 6 1 1 2 0 0 2 0 0 0 0 0 0
74 2 0 0 1 0 0 0 0 0 1 1 0 0
76 1 0 0 0 0 0 1 0 0 0 0 0 0
77 9 1 1 3 0 0 2 0 0 0 0 0 0
78 9 1 1 3 0 0 0 0 0 1 0 0 0
83 6 0 0 2 0 0 1 0 0 0 0 0 0
84 3 1 1 1 0 0 1 0 0 0 0 0 0
85 1 0 0 1 0 0 0 0 0 0 0 0 0
86 3 0 0 3 0 0 0 0 0 0 0 0 0
fl=/home/norabino/Desktop/42/cub3d/src/utils/free.c
fn=ft_free
73 5 1 1 0 0 0 2 0 0 0 0 0 0
76 5 1 1 2 1 1 0 0 0 2 0 0 0
78 1 0 0 0 0 0 1 0 0 0 0 0 0
79 4 0 0 1 0 0 1 0 0 0 0 0 0
80 4 0 0 1 0 0 1 0 0 0 0 0 0
81 4 0 0 2 0 0 0 0 0 1 1 0 0
86 3 1 1 1 0 0 1 0 0 0 0 0 0
87 3 0 0 1 0 0 1 0 0 0 0 0 0
88 3 1 1 1 0 0 1 0 0 0 0 0 0
89 2 0 0 0 0 0 1 0 0 0 0 0 0
90 2 0 0 2 0 0 0 0 0 0 0 0 0
fn=ft_free_mlx
44 5 0 0 0 0 0 2 0 0 0 0 0 0
45 4 0 0 2 0 0 0 0 0 1 0 0 0
50 4 1 1 2 0 0 0 0 0 1 1 0 0
55 3 1 1 2 0 0 0 0 0 0 0 0 0
fn=ft_free_mlx_two
58 5 0 0 0 0 0 2 0 0 0 0 0 0
59 4 0 0 2 0 0 0 0 0 1 0 0 0
64 4 1 1 2 0 0 0 0 0 1 1 0 0
70 3 0 0 2 0 0 0 0 0 0 0 0 0
fn=ft_free_textures_paths
16 5 2 2 0 0 0 2 0 0 0 0 0 0
17 4 0 0 2 0 0 0 0 0 1 1 0 0
22 4 0 0 2 0 0 0 0 0 1 1 0 0
27 3 1 1 2 0 0 0 0 0 0 0 0 0
fn=ft_free_textures_paths_two
30 5 0 0 0 0 0 2 0 0 0 0 0 0
31 4 0 0 2 0 0 0 0 0 1 1 0 0
36 4 1 1 2 0 0 0 0 0 1 1 0 0
41 3 1 1 2 0 0 0 0 0 0 0 0 0
fl=/home/norabino/Desktop/42/cub3d/src/utils/memory.c
fn=ft_strcpy
60 15 2 2 0 0 0 9 0 0 0 0 0 0
63 3 0 0 0 0 0 3 0 0 0 0 0 0
64 416 1 1 177 2 2 0 0 0 59 15 0 0
66 560 0 0 280 0 0 56 0 0 0 0 0 0
67 56 0 0 56 0 0 0 0 0 0 0 0 0
69 15 0 0 6 0 0 3 0 0 0 0 0 0
70 3 0 0 3 0 0 0 0 0 0 0 0 0
71 6 0 0 6 0 0 0 0 0 0 0 0 0
fn=ft_strdup
74 5 0 0 0 0 0 2 0 0 0 0 0 0
77 8 1 1 1 0 0 3 0 0 0 0 0 0
78 2 0 0 1 0 0 0 0 0 1 1 0 0
80 5 0 0 2 0 0 1 0 0 0 0 0 0
81 1 0 0 1 0 0 0 0 0 0 0 0 0
82 2 0 0 2 0 0 0 0 0 0 0 0 0
fl=/home/norabino/Desktop/42/cub3d/src/utils/monitoring_utils.c
fn=exit_error
16 6 1 1 0 0 0 3 0 0 0 0 0 0
20 5 1 1 0 0 0 1 0 0 0 0 0 0
21 1 0 0 0 0 0 1 0 0 0 0 0 0
22 113 1 1 48 2 2 0 0 0 16 5 0 0
24 120 0 0 30 0 0 15 0 0 0 0 0 0
25 15 0 0 15 0 0 0 0 0 0 0 0 0
27 5 0 0 0 0 0 1 0 0 0 0 0 0
28 3 0 0 1 0 0 1 0 0 0 0 0 0
29 2 0 0 0 0 0 1 0 0 0 0 0 0
fl=/home/norabino/Desktop/42/cub3d/src/utils/str_utils_0.c
fn=ft_strcmp
60 10 2 2 0 0 0 6 0 0 0 0 0 0
63 2 0 0 0 0 0 2 0 0 0 0 0 0
64 139 1 1 63 0 0 0 0 0 16 4 0 0
65 4 0 0 4 0 0 0 0 0 0 0 0 0
66 28 1 1 12 0 0 0 0 0 0 0 0 0
67 4 0 0 4 0 0 0 0 0 0 0 0 0
fl=???
fn=(below main)
0 12 1 1 2 1 0 3 0 0 0 0 1 1
fn=???
0 616 99 87 191 32 0 49 1 1 51 21 86 29
fn=XFreeThreads
0 21 3 3 5 0 0 7 0 0 3 0 0 0
fn=XInitThreads
0 73 6 6 18 6 0 23 3 0 4 1 0 0
summary: 530401 1484 1443 144137 4309 3102 47571 1037 971 90378 8049 1243 590
